,FECHA,ANO,MES,SEMANA,DIA_SEMANA,DIA_MES,CANTIDAD
0,2017-02-05,2017,2,5,6,5,1.0
1,2017-02-06,2017,2,6,0,6,0.0
2,2017-02-07,2017,2,6,1,7,8.0
3,2017-02-08,2017,2,6,2,8,33.0
4,2017-02-09,2017,2,6,3,9,57.0
5,2017-02-10,2017,2,6,4,10,49.0
6,2017-02-11,2017,2,6,5,11,62.0
7,2017-02-12,2017,2,6,6,12,31.0
8,2017-02-13,2017,2,7,0,13,46.0
9,2017-02-14,2017,2,7,1,14,30.0
10,2017-02-15,2017,2,7,2,15,40.0
11,2017-02-16,2017,2,7,3,16,36.0
12,2017-02-17,2017,2,7,4,17,31.0
13,2017-02-18,2017,2,7,5,18,34.0
14,2017-02-19,2017,2,7,6,19,58.0
15,2017-02-20,2017,2,8,0,20,24.0
16,2017-02-21,2017,2,8,1,21,18.0
17,2017-02-22,2017,2,8,2,22,23.0
18,2017-02-23,2017,2,8,3,23,39.0
19,2017-02-24,2017,2,8,4,24,32.0
20,2017-02-25,2017,2,8,5,25,31.0
21,2017-02-26,2017,2,8,6,26,33.0
22,2017-02-27,2017,2,9,0,27,28.0
23,2017-02-28,2017,2,9,1,28,4.0
24,2017-03-01,2017,3,9,2,1,16.0
25,2017-03-02,2017,3,9,3,2,14.0
26,2017-03-03,2017,3,9,4,3,22.0
27,2017-03-04,2017,3,9,5,4,14.0
28,2017-03-05,2017,3,9,6,5,38.0
29,2017-03-06,2017,3,10,0,6,16.0
30,2017-03-07,2017,3,10,1,7,28.0
31,2017-03-08,2017,3,10,2,8,19.0
32,2017-03-09,2017,3,10,3,9,22.0
33,2017-03-10,2017,3,10,4,10,12.0
34,2017-03-11,2017,3,10,5,11,35.0
35,2017-03-12,2017,3,10,6,12,15.0
36,2017-03-13,2017,3,11,0,13,22.0
37,2017-03-14,2017,3,11,1,14,30.0
38,2017-03-15,2017,3,11,2,15,18.0
39,2017-03-16,2017,3,11,3,16,14.0
40,2017-03-17,2017,3,11,4,17,23.0
41,2017-03-18,2017,3,11,5,18,14.0
42,2017-03-19,2017,3,11,6,19,27.0
43,2017-03-20,2017,3,12,0,20,15.0
44,2017-03-21,2017,3,12,1,21,6.0
45,2017-03-22,2017,3,12,2,22,2.0
46,2017-03-23,2017,3,12,3,23,17.0
47,2017-03-24,2017,3,12,4,24,7.0
48,2017-03-25,2017,3,12,5,25,14.0
49,2017-03-26,2017,3,12,6,26,24.0
50,2017-03-27,2017,3,13,0,27,22.0
51,2017-03-28,2017,3,13,1,28,9.0
52,2017-03-29,2017,3,13,2,29,29.0
53,2017-03-30,2017,3,13,3,30,35.0
54,2017-03-31,2017,3,13,4,31,28.0
55,2017-04-01,2017,4,13,5,1,22.0
56,2017-04-02,2017,4,13,6,2,13.0
57,2017-04-03,2017,4,14,0,3,20.0
58,2017-04-04,2017,4,14,1,4,28.0
59,2017-04-05,2017,4,14,2,5,21.0
60,2017-04-06,2017,4,14,3,6,18.0
61,2017-04-07,2017,4,14,4,7,41.0
62,2017-04-08,2017,4,14,5,8,61.0
63,2017-04-09,2017,4,14,6,9,38.0
64,2017-04-10,2017,4,15,0,10,43.0
65,2017-04-11,2017,4,15,1,11,23.0
66,2017-04-12,2017,4,15,2,12,16.0
67,2017-04-13,2017,4,15,3,13,33.0
68,2017-04-14,2017,4,15,4,14,12.0
69,2017-04-15,2017,4,15,5,15,26.0
70,2017-04-16,2017,4,15,6,16,34.0
71,2017-04-17,2017,4,16,0,17,33.0
72,2017-04-18,2017,4,16,1,18,12.0
73,2017-04-19,2017,4,16,2,19,21.0
74,2017-04-20,2017,4,16,3,20,28.0
75,2017-04-21,2017,4,16,4,21,46.0
76,2017-04-22,2017,4,16,5,22,51.0
77,2017-04-23,2017,4,16,6,23,47.0
78,2017-04-24,2017,4,17,0,24,19.0
79,2017-04-25,2017,4,17,1,25,47.0
80,2017-04-26,2017,4,17,2,26,31.0
81,2017-04-27,2017,4,17,3,27,39.0
82,2017-04-28,2017,4,17,4,28,23.0
83,2017-04-29,2017,4,17,5,29,23.0
84,2017-04-30,2017,4,17,6,30,25.0
85,2017-05-01,2017,5,18,0,1,38.0
86,2017-05-02,2017,5,18,1,2,22.0
87,2017-05-03,2017,5,18,2,3,50.0
88,2017-05-04,2017,5,18,3,4,25.0
89,2017-05-05,2017,5,18,4,5,15.0
90,2017-05-06,2017,5,18,5,6,20.0
91,2017-05-07,2017,5,18,6,7,29.0
92,2017-05-08,2017,5,19,0,8,36.0
93,2017-05-09,2017,5,19,1,9,25.0
94,2017-05-10,2017,5,19,2,10,28.0
95,2017-05-11,2017,5,19,3,11,21.0
96,2017-05-12,2017,5,19,4,12,36.0
97,2017-05-13,2017,5,19,5,13,25.0
98,2017-05-14,2017,5,19,6,14,30.0
99,2017-05-15,2017,5,20,0,15,26.0
100,2017-05-16,2017,5,20,1,16,36.0
101,2017-05-17,2017,5,20,2,17,18.0
102,2017-05-18,2017,5,20,3,18,21.0
103,2017-05-19,2017,5,20,4,19,27.0
104,2017-05-20,2017,5,20,5,20,34.0
105,2017-05-21,2017,5,20,6,21,27.0
106,2017-05-22,2017,5,21,0,22,29.0
107,2017-05-23,2017,5,21,1,23,38.0
108,2017-05-24,2017,5,21,2,24,13.0
109,2017-05-25,2017,5,21,3,25,50.0
110,2017-05-26,2017,5,21,4,26,24.0
111,2017-05-27,2017,5,21,5,27,32.0
112,2017-05-28,2017,5,21,6,28,70.0
113,2017-05-29,2017,5,22,0,29,40.0
114,2017-05-30,2017,5,22,1,30,31.0
115,2017-05-31,2017,5,22,2,31,36.0
116,2017-06-01,2017,6,22,3,1,49.0
117,2017-06-02,2017,6,22,4,2,50.0
118,2017-06-03,2017,6,22,5,3,28.0
119,2017-06-04,2017,6,22,6,4,53.0
120,2017-06-05,2017,6,23,0,5,36.0
121,2017-06-06,2017,6,23,1,6,44.0
122,2017-06-07,2017,6,23,2,7,42.0
123,2017-06-08,2017,6,23,3,8,36.0
124,2017-06-09,2017,6,23,4,9,30.0
125,2017-06-10,2017,6,23,5,10,49.0
126,2017-06-11,2017,6,23,6,11,31.0
127,2017-06-12,2017,6,24,0,12,16.0
128,2017-06-13,2017,6,24,1,13,57.0
129,2017-06-14,2017,6,24,2,14,17.0
130,2017-06-15,2017,6,24,3,15,18.0
131,2017-06-16,2017,6,24,4,16,32.0
132,2017-06-17,2017,6,24,5,17,60.0
133,2017-06-18,2017,6,24,6,18,68.0
134,2017-06-19,2017,6,25,0,19,27.0
135,2017-06-20,2017,6,25,1,20,9.0
136,2017-06-21,2017,6,25,2,21,44.0
137,2017-06-22,2017,6,25,3,22,55.0
138,2017-06-23,2017,6,25,4,23,31.0
139,2017-06-24,2017,6,25,5,24,26.0
140,2017-06-25,2017,6,25,6,25,15.0
141,2017-06-26,2017,6,26,0,26,34.0
142,2017-06-27,2017,6,26,1,27,9.0
143,2017-06-28,2017,6,26,2,28,21.0
144,2017-06-29,2017,6,26,3,29,18.0
145,2017-06-30,2017,6,26,4,30,44.0
146,2017-07-01,2017,7,26,5,1,41.0
147,2017-07-02,2017,7,26,6,2,49.0
148,2017-07-03,2017,7,27,0,3,46.0
149,2017-07-04,2017,7,27,1,4,33.0
150,2017-07-05,2017,7,27,2,5,23.0
151,2017-07-06,2017,7,27,3,6,27.0
152,2017-07-07,2017,7,27,4,7,49.0
153,2017-07-08,2017,7,27,5,8,29.0
154,2017-07-09,2017,7,27,6,9,54.0
155,2017-07-10,2017,7,28,0,10,39.0
156,2017-07-11,2017,7,28,1,11,42.0
157,2017-07-12,2017,7,28,2,12,35.0
158,2017-07-13,2017,7,28,3,13,18.0
159,2017-07-14,2017,7,28,4,14,22.0
160,2017-07-15,2017,7,28,5,15,36.0
161,2017-07-16,2017,7,28,6,16,37.0
162,2017-07-17,2017,7,29,0,17,38.0
163,2017-07-18,2017,7,29,1,18,8.0
164,2017-07-19,2017,7,29,2,19,42.0
165,2017-07-20,2017,7,29,3,20,21.0
166,2017-07-21,2017,7,29,4,21,45.0
167,2017-07-22,2017,7,29,5,22,31.0
168,2017-07-23,2017,7,29,6,23,20.0
169,2017-07-24,2017,7,30,0,24,22.0
170,2017-07-25,2017,7,30,1,25,31.0
171,2017-07-26,2017,7,30,2,26,30.0
172,2017-07-27,2017,7,30,3,27,26.0
173,2017-07-28,2017,7,30,4,28,27.0
174,2017-07-29,2017,7,30,5,29,56.0
175,2017-07-30,2017,7,30,6,30,27.0
176,2017-07-31,2017,7,31,0,31,34.0
177,2017-08-01,2017,8,31,1,1,33.0
178,2017-08-02,2017,8,31,2,2,22.0
179,2017-08-03,2017,8,31,3,3,12.0
180,2017-08-04,2017,8,31,4,4,33.0
181,2017-08-05,2017,8,31,5,5,31.0
182,2017-08-06,2017,8,31,6,6,55.0
183,2017-08-07,2017,8,32,0,7,37.0
184,2017-08-08,2017,8,32,1,8,61.0
185,2017-08-09,2017,8,32,2,9,44.0
186,2017-08-10,2017,8,32,3,10,44.0
187,2017-08-11,2017,8,32,4,11,41.0
188,2017-08-12,2017,8,32,5,12,66.0
189,2017-08-13,2017,8,32,6,13,61.0
190,2017-08-14,2017,8,33,0,14,66.0
191,2017-08-15,2017,8,33,1,15,31.0
192,2017-08-16,2017,8,33,2,16,34.0
193,2017-08-17,2017,8,33,3,17,47.0
194,2017-08-18,2017,8,33,4,18,29.0
195,2017-08-19,2017,8,33,5,19,37.0
196,2017-08-20,2017,8,33,6,20,81.0
197,2017-08-21,2017,8,34,0,21,26.0
198,2017-08-22,2017,8,34,1,22,55.0
199,2017-08-23,2017,8,34,2,23,43.0
200,2017-08-24,2017,8,34,3,24,51.0
201,2017-08-25,2017,8,34,4,25,29.0
202,2017-08-26,2017,8,34,5,26,59.0
203,2017-08-27,2017,8,34,6,27,39.0
204,2017-08-28,2017,8,35,0,28,24.0
205,2017-08-29,2017,8,35,1,29,47.0
206,2017-08-30,2017,8,35,2,30,11.0
207,2017-08-31,2017,8,35,3,31,27.0
208,2017-09-01,2017,9,35,4,1,65.0
209,2017-09-02,2017,9,35,5,2,33.0
210,2017-09-03,2017,9,35,6,3,65.0
211,2017-09-04,2017,9,36,0,4,57.0
212,2017-09-05,2017,9,36,1,5,92.0
213,2017-09-06,2017,9,36,2,6,19.0
214,2017-09-07,2017,9,36,3,7,31.0
215,2017-09-08,2017,9,36,4,8,40.0
216,2017-09-09,2017,9,36,5,9,46.0
217,2017-09-10,2017,9,36,6,10,64.0
218,2017-09-11,2017,9,37,0,11,22.0
219,2017-09-12,2017,9,37,1,12,47.0
220,2017-09-13,2017,9,37,2,13,42.0
221,2017-09-14,2017,9,37,3,14,22.0
222,2017-09-15,2017,9,37,4,15,68.0
223,2017-09-16,2017,9,37,5,16,96.0
224,2017-09-17,2017,9,37,6,17,73.0
225,2017-09-18,2017,9,38,0,18,42.0
226,2017-09-19,2017,9,38,1,19,51.0
227,2017-09-20,2017,9,38,2,20,63.0
228,2017-09-21,2017,9,38,3,21,54.0
229,2017-09-22,2017,9,38,4,22,53.0
230,2017-09-23,2017,9,38,5,23,41.0
231,2017-09-24,2017,9,38,6,24,65.0
232,2017-09-25,2017,9,39,0,25,45.0
233,2017-09-26,2017,9,39,1,26,75.0
234,2017-09-27,2017,9,39,2,27,84.0
235,2017-09-28,2017,9,39,3,28,110.0
236,2017-09-29,2017,9,39,4,29,94.0
237,2017-09-30,2017,9,39,5,30,68.0
238,2017-10-01,2017,10,39,6,1,54.0
239,2017-10-02,2017,10,40,0,2,54.0
240,2017-10-03,2017,10,40,1,3,42.0
241,2017-10-04,2017,10,40,2,4,39.0
242,2017-10-05,2017,10,40,3,5,19.0
243,2017-10-06,2017,10,40,4,6,55.0
244,2017-10-07,2017,10,40,5,7,54.0
245,2017-10-08,2017,10,40,6,8,55.0
246,2017-10-09,2017,10,41,0,9,49.0
247,2017-10-10,2017,10,41,1,10,37.0
248,2017-10-11,2017,10,41,2,11,43.0
249,2017-10-12,2017,10,41,3,12,77.0
250,2017-10-13,2017,10,41,4,13,39.0
251,2017-10-14,2017,10,41,5,14,47.0
252,2017-10-15,2017,10,41,6,15,58.0
253,2017-10-16,2017,10,42,0,16,35.0
254,2017-10-17,2017,10,42,1,17,42.0
255,2017-10-18,2017,10,42,2,18,43.0
256,2017-10-19,2017,10,42,3,19,33.0
257,2017-10-20,2017,10,42,4,20,41.0
258,2017-10-21,2017,10,42,5,21,43.0
259,2017-10-22,2017,10,42,6,22,44.0
260,2017-10-23,2017,10,43,0,23,32.0
261,2017-10-24,2017,10,43,1,24,43.0
262,2017-10-25,2017,10,43,2,25,43.0
263,2017-10-26,2017,10,43,3,26,29.0
264,2017-10-27,2017,10,43,4,27,43.0
265,2017-10-28,2017,10,43,5,28,35.0
266,2017-10-29,2017,10,43,6,29,22.0
267,2017-10-30,2017,10,44,0,30,29.0
268,2017-10-31,2017,10,44,1,31,38.0
269,2017-11-01,2017,11,44,2,1,29.0
270,2017-11-02,2017,11,44,3,2,19.0
271,2017-11-03,2017,11,44,4,3,20.0
272,2017-11-04,2017,11,44,5,4,57.0
273,2017-11-05,2017,11,44,6,5,40.0
274,2017-11-06,2017,11,45,0,6,26.0
275,2017-11-07,2017,11,45,1,7,36.0
276,2017-11-08,2017,11,45,2,8,80.0
277,2017-11-09,2017,11,45,3,9,22.0
278,2017-11-10,2017,11,45,4,10,51.0
279,2017-11-11,2017,11,45,5,11,83.0
280,2017-11-12,2017,11,45,6,12,46.0
281,2017-11-13,2017,11,46,0,13,44.0
282,2017-11-14,2017,11,46,1,14,48.0
283,2017-11-15,2017,11,46,2,15,68.0
284,2017-11-16,2017,11,46,3,16,66.0
285,2017-11-17,2017,11,46,4,17,76.0
286,2017-11-18,2017,11,46,5,18,62.0
287,2017-11-19,2017,11,46,6,19,69.0
288,2017-11-20,2017,11,47,0,20,60.0
289,2017-11-21,2017,11,47,1,21,62.0
290,2017-11-22,2017,11,47,2,22,43.0
291,2017-11-23,2017,11,47,3,23,41.0
292,2017-11-24,2017,11,47,4,24,27.0
293,2017-11-25,2017,11,47,5,25,30.0
294,2017-11-26,2017,11,47,6,26,77.0
295,2017-11-27,2017,11,48,0,27,33.0
296,2017-11-28,2017,11,48,1,28,44.0
297,2017-11-29,2017,11,48,2,29,51.0
298,2017-11-30,2017,11,48,3,30,29.0
299,2017-12-01,2017,12,48,4,1,69.0
300,2017-12-02,2017,12,48,5,2,91.0
301,2017-12-03,2017,12,48,6,3,47.0
302,2017-12-04,2017,12,49,0,4,58.0
303,2017-12-05,2017,12,49,1,5,51.0
304,2017-12-06,2017,12,49,2,6,70.0
305,2017-12-07,2017,12,49,3,7,51.0
306,2017-12-08,2017,12,49,4,8,66.0
307,2017-12-09,2017,12,49,5,9,37.0
308,2017-12-10,2017,12,49,6,10,31.0
309,2017-12-11,2017,12,50,0,11,57.0
310,2017-12-12,2017,12,50,1,12,43.0
311,2017-12-13,2017,12,50,2,13,85.0
312,2017-12-14,2017,12,50,3,14,93.0
313,2017-12-15,2017,12,50,4,15,96.0
314,2017-12-16,2017,12,50,5,16,54.0
315,2017-12-17,2017,12,50,6,17,57.0
316,2017-12-18,2017,12,51,0,18,47.0
317,2017-12-19,2017,12,51,1,19,52.0
318,2017-12-20,2017,12,51,2,20,60.0
319,2017-12-21,2017,12,51,3,21,32.0
320,2017-12-22,2017,12,51,4,22,29.0
321,2017-12-23,2017,12,51,5,23,48.0
322,2017-12-24,2017,12,51,6,24,58.0
323,2017-12-25,2017,12,52,0,25,39.0
324,2017-12-26,2017,12,52,1,26,26.0
325,2017-12-27,2017,12,52,2,27,29.0
326,2017-12-28,2017,12,52,3,28,30.0
327,2017-12-29,2017,12,52,4,29,40.0
328,2017-12-30,2017,12,52,5,30,39.0
329,2017-12-31,2017,12,52,6,31,0.0
330,2018-01-01,2018,1,1,0,1,34.0
331,2018-01-02,2018,1,1,1,2,23.0
332,2018-01-03,2018,1,1,2,3,56.0
333,2018-01-04,2018,1,1,3,4,28.0
334,2018-01-05,2018,1,1,4,5,44.0
335,2018-01-06,2018,1,1,5,6,42.0
336,2018-01-07,2018,1,1,6,7,56.0
337,2018-01-08,2018,1,2,0,8,37.0
338,2018-01-09,2018,1,2,1,9,58.0
339,2018-01-10,2018,1,2,2,10,76.0
340,2018-01-11,2018,1,2,3,11,86.0
341,2018-01-12,2018,1,2,4,12,67.0
342,2018-01-13,2018,1,2,5,13,45.0
343,2018-01-14,2018,1,2,6,14,46.0
344,2018-01-15,2018,1,3,0,15,74.0
345,2018-01-16,2018,1,3,1,16,63.0
346,2018-01-17,2018,1,3,2,17,71.0
347,2018-01-18,2018,1,3,3,18,70.0
348,2018-01-19,2018,1,3,4,19,97.0
349,2018-01-20,2018,1,3,5,20,52.0
350,2018-01-21,2018,1,3,6,21,106.0
351,2018-01-22,2018,1,4,0,22,56.0
352,2018-01-23,2018,1,4,1,23,52.0
353,2018-01-24,2018,1,4,2,24,90.0
354,2018-01-25,2018,1,4,3,25,27.0
355,2018-01-26,2018,1,4,4,26,57.0
356,2018-01-27,2018,1,4,5,27,57.0
357,2018-01-28,2018,1,4,6,28,79.0
358,2018-01-29,2018,1,5,0,29,46.0
359,2018-01-30,2018,1,5,1,30,56.0
360,2018-01-31,2018,1,5,2,31,47.0
361,2018-02-01,2018,2,5,3,1,36.0
362,2018-02-02,2018,2,5,4,2,77.0
363,2018-02-03,2018,2,5,5,3,59.0
364,2018-02-04,2018,2,5,6,4,65.0
365,2018-02-05,2018,2,6,0,5,112.0
366,2018-02-06,2018,2,6,1,6,45.0
367,2018-02-07,2018,2,6,2,7,59.0
368,2018-02-08,2018,2,6,3,8,63.0
369,2018-02-09,2018,2,6,4,9,87.0
370,2018-02-10,2018,2,6,5,10,78.0
371,2018-02-11,2018,2,6,6,11,75.0
372,2018-02-12,2018,2,7,0,12,62.0
373,2018-02-13,2018,2,7,1,13,41.0
374,2018-02-14,2018,2,7,2,14,73.0
375,2018-02-15,2018,2,7,3,15,78.0
376,2018-02-16,2018,2,7,4,16,48.0
377,2018-02-17,2018,2,7,5,17,75.0
378,2018-02-18,2018,2,7,6,18,63.0
379,2018-02-19,2018,2,8,0,19,41.0
380,2018-02-20,2018,2,8,1,20,22.0
381,2018-02-21,2018,2,8,2,21,63.0
382,2018-02-22,2018,2,8,3,22,47.0
383,2018-02-23,2018,2,8,4,23,62.0
384,2018-02-24,2018,2,8,5,24,60.0
385,2018-02-25,2018,2,8,6,25,50.0
386,2018-02-26,2018,2,9,0,26,46.0
387,2018-02-27,2018,2,9,1,27,57.0
388,2018-02-28,2018,2,9,2,28,39.0
389,2018-03-01,2018,3,9,3,1,57.0
390,2018-03-02,2018,3,9,4,2,41.0
391,2018-03-03,2018,3,9,5,3,47.0
392,2018-03-04,2018,3,9,6,4,82.0
393,2018-03-05,2018,3,10,0,5,45.0
394,2018-03-06,2018,3,10,1,6,43.0
395,2018-03-07,2018,3,10,2,7,30.0
396,2018-03-08,2018,3,10,3,8,134.0
397,2018-03-09,2018,3,10,4,9,79.0
398,2018-03-10,2018,3,10,5,10,57.0
399,2018-03-11,2018,3,10,6,11,62.0
400,2018-03-12,2018,3,11,0,12,60.0
401,2018-03-13,2018,3,11,1,13,37.0
402,2018-03-14,2018,3,11,2,14,44.0
403,2018-03-15,2018,3,11,3,15,27.0
404,2018-03-16,2018,3,11,4,16,61.0
405,2018-03-17,2018,3,11,5,17,85.0
406,2018-03-18,2018,3,11,6,18,97.0
407,2018-03-19,2018,3,12,0,19,55.0
408,2018-03-20,2018,3,12,1,20,28.0
409,2018-03-21,2018,3,12,2,21,83.0
410,2018-03-22,2018,3,12,3,22,54.0
411,2018-03-23,2018,3,12,4,23,41.0
412,2018-03-24,2018,3,12,5,24,33.0
413,2018-03-25,2018,3,12,6,25,55.0
414,2018-03-26,2018,3,13,0,26,48.0
415,2018-03-27,2018,3,13,1,27,46.0
416,2018-03-28,2018,3,13,2,28,33.0
417,2018-03-29,2018,3,13,3,29,26.0
418,2018-03-30,2018,3,13,4,30,70.0
419,2018-03-31,2018,3,13,5,31,35.0
420,2018-04-01,2018,4,13,6,1,19.0
421,2018-04-02,2018,4,14,0,2,58.0
422,2018-04-03,2018,4,14,1,3,88.0
423,2018-04-04,2018,4,14,2,4,96.0
424,2018-04-05,2018,4,14,3,5,67.0
425,2018-04-06,2018,4,14,4,6,97.0
426,2018-04-07,2018,4,14,5,7,91.0
427,2018-04-08,2018,4,14,6,8,111.0
428,2018-04-09,2018,4,15,0,9,73.0
429,2018-04-10,2018,4,15,1,10,72.0
430,2018-04-11,2018,4,15,2,11,66.0
431,2018-04-12,2018,4,15,3,12,108.0
432,2018-04-13,2018,4,15,4,13,80.0
433,2018-04-14,2018,4,15,5,14,131.0
434,2018-04-15,2018,4,15,6,15,98.0
435,2018-04-16,2018,4,16,0,16,68.0
436,2018-04-17,2018,4,16,1,17,57.0
437,2018-04-18,2018,4,16,2,18,104.0
438,2018-04-19,2018,4,16,3,19,65.0
439,2018-04-20,2018,4,16,4,20,95.0
440,2018-04-21,2018,4,16,5,21,104.0
441,2018-04-22,2018,4,16,6,22,61.0
442,2018-04-23,2018,4,17,0,23,73.0
443,2018-04-24,2018,4,17,1,24,88.0
444,2018-04-25,2018,4,17,2,25,94.0
445,2018-04-26,2018,4,17,3,26,48.0
446,2018-04-27,2018,4,17,4,27,116.0
447,2018-04-28,2018,4,17,5,28,123.0
448,2018-04-29,2018,4,17,6,29,93.0
449,2018-04-30,2018,4,18,0,30,73.0
450,2018-05-01,2018,5,18,1,1,92.0
451,2018-05-02,2018,5,18,2,2,44.0
452,2018-05-03,2018,5,18,3,3,60.0
453,2018-05-04,2018,5,18,4,4,65.0
454,2018-05-05,2018,5,18,5,5,79.0
455,2018-05-06,2018,5,18,6,6,63.0
456,2018-05-07,2018,5,19,0,7,55.0
457,2018-05-08,2018,5,19,1,8,61.0
458,2018-05-09,2018,5,19,2,9,64.0
459,2018-05-10,2018,5,19,3,10,51.0
460,2018-05-11,2018,5,19,4,11,79.0
461,2018-05-12,2018,5,19,5,12,61.0
462,2018-05-13,2018,5,19,6,13,64.0
463,2018-05-14,2018,5,20,0,14,86.0
464,2018-05-15,2018,5,20,1,15,25.0
465,2018-05-16,2018,5,20,2,16,100.0
466,2018-05-17,2018,5,20,3,17,64.0
467,2018-05-18,2018,5,20,4,18,48.0
468,2018-05-19,2018,5,20,5,19,84.0
469,2018-05-20,2018,5,20,6,20,64.0
470,2018-05-21,2018,5,21,0,21,39.0
471,2018-05-22,2018,5,21,1,22,42.0
472,2018-05-23,2018,5,21,2,23,95.0
473,2018-05-24,2018,5,21,3,24,57.0
474,2018-05-25,2018,5,21,4,25,71.0
475,2018-05-26,2018,5,21,5,26,81.0
476,2018-05-27,2018,5,21,6,27,74.0
477,2018-05-28,2018,5,22,0,28,46.0
478,2018-05-29,2018,5,22,1,29,126.0
479,2018-05-30,2018,5,22,2,30,65.0
480,2018-05-31,2018,5,22,3,31,55.0
481,2018-06-01,2018,6,22,4,1,50.0
482,2018-06-02,2018,6,22,5,2,58.0
483,2018-06-03,2018,6,22,6,3,80.0
484,2018-06-04,2018,6,23,0,4,89.0
485,2018-06-05,2018,6,23,1,5,61.0
486,2018-06-06,2018,6,23,2,6,78.0
487,2018-06-07,2018,6,23,3,7,71.0
488,2018-06-08,2018,6,23,4,8,23.0
489,2018-06-09,2018,6,23,5,9,75.0
490,2018-06-10,2018,6,23,6,10,74.0
491,2018-06-11,2018,6,24,0,11,64.0
492,2018-06-12,2018,6,24,1,12,77.0
493,2018-06-13,2018,6,24,2,13,77.0
494,2018-06-14,2018,6,24,3,14,27.0
495,2018-06-15,2018,6,24,4,15,58.0
496,2018-06-16,2018,6,24,5,16,38.0
497,2018-06-17,2018,6,24,6,17,99.0
498,2018-06-18,2018,6,25,0,18,81.0
499,2018-06-19,2018,6,25,1,19,55.0
500,2018-06-20,2018,6,25,2,20,85.0
501,2018-06-21,2018,6,25,3,21,87.0
502,2018-06-22,2018,6,25,4,22,68.0
503,2018-06-23,2018,6,25,5,23,59.0
504,2018-06-24,2018,6,25,6,24,77.0
505,2018-06-25,2018,6,26,0,25,104.0
506,2018-06-26,2018,6,26,1,26,80.0
507,2018-06-27,2018,6,26,2,27,94.0
508,2018-06-28,2018,6,26,3,28,86.0
509,2018-06-29,2018,6,26,4,29,82.0
510,2018-06-30,2018,6,26,5,30,30.0
511,2018-07-01,2018,7,26,6,1,54.0
512,2018-07-02,2018,7,27,0,2,50.0
513,2018-07-03,2018,7,27,1,3,67.0
514,2018-07-04,2018,7,27,2,4,104.0
515,2018-07-05,2018,7,27,3,5,42.0
516,2018-07-06,2018,7,27,4,6,70.0
517,2018-07-07,2018,7,27,5,7,78.0
518,2018-07-08,2018,7,27,6,8,115.0
519,2018-07-09,2018,7,28,0,9,53.0
520,2018-07-10,2018,7,28,1,10,63.0
521,2018-07-11,2018,7,28,2,11,60.0
522,2018-07-12,2018,7,28,3,12,92.0
523,2018-07-13,2018,7,28,4,13,50.0
524,2018-07-14,2018,7,28,5,14,99.0
525,2018-07-15,2018,7,28,6,15,102.0
526,2018-07-16,2018,7,29,0,16,89.0
527,2018-07-17,2018,7,29,1,17,81.0
528,2018-07-18,2018,7,29,2,18,75.0
529,2018-07-19,2018,7,29,3,19,31.0
530,2018-07-20,2018,7,29,4,20,57.0
531,2018-07-21,2018,7,29,5,21,95.0
532,2018-07-22,2018,7,29,6,22,89.0
533,2018-07-23,2018,7,30,0,23,86.0
534,2018-07-24,2018,7,30,1,24,56.0
535,2018-07-25,2018,7,30,2,25,49.0
536,2018-07-26,2018,7,30,3,26,46.0
537,2018-07-27,2018,7,30,4,27,43.0
538,2018-07-28,2018,7,30,5,28,42.0
539,2018-07-29,2018,7,30,6,29,88.0
540,2018-07-30,2018,7,31,0,30,53.0
541,2018-07-31,2018,7,31,1,31,72.0
542,2018-08-01,2018,8,31,2,1,46.0
543,2018-08-02,2018,8,31,3,2,54.0
544,2018-08-03,2018,8,31,4,3,69.0
545,2018-08-04,2018,8,31,5,4,55.0
546,2018-08-05,2018,8,31,6,5,71.0
547,2018-08-06,2018,8,32,0,6,36.0
548,2018-08-07,2018,8,32,1,7,96.0
549,2018-08-08,2018,8,32,2,8,43.0
550,2018-08-09,2018,8,32,3,9,47.0
551,2018-08-10,2018,8,32,4,10,50.0
552,2018-08-11,2018,8,32,5,11,73.0
553,2018-08-12,2018,8,32,6,12,64.0
554,2018-08-13,2018,8,33,0,13,55.0
555,2018-08-14,2018,8,33,1,14,81.0
556,2018-08-15,2018,8,33,2,15,55.0
557,2018-08-16,2018,8,33,3,16,55.0
558,2018-08-17,2018,8,33,4,17,86.0
559,2018-08-18,2018,8,33,5,18,93.0
560,2018-08-19,2018,8,33,6,19,93.0
561,2018-08-20,2018,8,34,0,20,77.0
562,2018-08-21,2018,8,34,1,21,52.0
563,2018-08-22,2018,8,34,2,22,51.0
564,2018-08-23,2018,8,34,3,23,50.0
565,2018-08-24,2018,8,34,4,24,61.0
566,2018-08-25,2018,8,34,5,25,73.0
567,2018-08-26,2018,8,34,6,26,61.0
568,2018-08-27,2018,8,35,0,27,63.0
569,2018-08-28,2018,8,35,1,28,31.0
570,2018-08-29,2018,8,35,2,29,49.0
571,2018-08-30,2018,8,35,3,30,63.0
572,2018-08-31,2018,8,35,4,31,52.0
573,2018-09-01,2018,9,35,5,1,70.0
574,2018-09-02,2018,9,35,6,2,83.0
575,2018-09-03,2018,9,36,0,3,51.0
576,2018-09-04,2018,9,36,1,4,81.0
577,2018-09-05,2018,9,36,2,5,92.0
578,2018-09-06,2018,9,36,3,6,82.0
579,2018-09-07,2018,9,36,4,7,98.0
580,2018-09-08,2018,9,36,5,8,56.0
581,2018-09-09,2018,9,36,6,9,48.0
582,2018-09-10,2018,9,37,0,10,84.0
583,2018-09-11,2018,9,37,1,11,82.0
584,2018-09-12,2018,9,37,2,12,91.0
585,2018-09-13,2018,9,37,3,13,64.0
586,2018-09-14,2018,9,37,4,14,73.0
587,2018-09-15,2018,9,37,5,15,103.0
588,2018-09-16,2018,9,37,6,16,85.0
589,2018-09-17,2018,9,38,0,17,101.0
590,2018-09-18,2018,9,38,1,18,48.0
591,2018-09-19,2018,9,38,2,19,55.0
592,2018-09-20,2018,9,38,3,20,98.0
593,2018-09-21,2018,9,38,4,21,77.0
594,2018-09-22,2018,9,38,5,22,96.0
595,2018-09-23,2018,9,38,6,23,75.0
596,2018-09-24,2018,9,39,0,24,73.0
597,2018-09-25,2018,9,39,1,25,94.0
598,2018-09-26,2018,9,39,2,26,111.0
599,2018-09-27,2018,9,39,3,27,95.0
600,2018-09-28,2018,9,39,4,28,92.0
601,2018-09-29,2018,9,39,5,29,84.0
602,2018-09-30,2018,9,39,6,30,82.0
603,2018-10-01,2018,10,40,0,1,121.0
604,2018-10-02,2018,10,40,1,2,95.0
605,2018-10-03,2018,10,40,2,3,72.0
606,2018-10-04,2018,10,40,3,4,60.0
607,2018-10-05,2018,10,40,4,5,39.0
608,2018-10-06,2018,10,40,5,6,45.0
609,2018-10-07,2018,10,40,6,7,87.0
610,2018-10-08,2018,10,41,0,8,83.0
611,2018-10-09,2018,10,41,1,9,98.0
612,2018-10-10,2018,10,41,2,10,43.0
613,2018-10-11,2018,10,41,3,11,65.0
614,2018-10-12,2018,10,41,4,12,83.0
615,2018-10-13,2018,10,41,5,13,112.0
616,2018-10-14,2018,10,41,6,14,82.0
617,2018-10-15,2018,10,42,0,15,78.0
618,2018-10-16,2018,10,42,1,16,102.0
619,2018-10-17,2018,10,42,2,17,76.0
620,2018-10-18,2018,10,42,3,18,113.0
621,2018-10-19,2018,10,42,4,19,94.0
622,2018-10-20,2018,10,42,5,20,75.0
623,2018-10-21,2018,10,42,6,21,91.0
624,2018-10-22,2018,10,43,0,22,46.0
625,2018-10-23,2018,10,43,1,23,87.0
626,2018-10-24,2018,10,43,2,24,85.0
627,2018-10-25,2018,10,43,3,25,75.0
628,2018-10-26,2018,10,43,4,26,98.0
629,2018-10-27,2018,10,43,5,27,56.0
630,2018-10-28,2018,10,43,6,28,61.0
631,2018-10-29,2018,10,44,0,29,69.0
632,2018-10-30,2018,10,44,1,30,83.0
633,2018-10-31,2018,10,44,2,31,93.0
634,2018-11-01,2018,11,44,3,1,57.0
635,2018-11-02,2018,11,44,4,2,77.0
636,2018-11-03,2018,11,44,5,3,50.0
637,2018-11-04,2018,11,44,6,4,75.0
638,2018-11-05,2018,11,45,0,5,75.0
639,2018-11-06,2018,11,45,1,6,41.0
640,2018-11-07,2018,11,45,2,7,68.0
641,2018-11-08,2018,11,45,3,8,55.0
642,2018-11-09,2018,11,45,4,9,62.0
643,2018-11-10,2018,11,45,5,10,72.0
644,2018-11-11,2018,11,45,6,11,46.0
645,2018-11-12,2018,11,46,0,12,51.0
646,2018-11-13,2018,11,46,1,13,65.0
647,2018-11-14,2018,11,46,2,14,74.0
648,2018-11-15,2018,11,46,3,15,39.0
649,2018-11-16,2018,11,46,4,16,83.0
650,2018-11-17,2018,11,46,5,17,59.0
651,2018-11-18,2018,11,46,6,18,55.0
652,2018-11-19,2018,11,47,0,19,50.0
653,2018-11-20,2018,11,47,1,20,66.0
654,2018-11-21,2018,11,47,2,21,47.0
655,2018-11-22,2018,11,47,3,22,43.0
656,2018-11-23,2018,11,47,4,23,90.0
657,2018-11-24,2018,11,47,5,24,53.0
658,2018-11-25,2018,11,47,6,25,97.0
659,2018-11-26,2018,11,48,0,26,88.0
660,2018-11-27,2018,11,48,1,27,76.0
661,2018-11-28,2018,11,48,2,28,63.0
662,2018-11-29,2018,11,48,3,29,41.0
663,2018-11-30,2018,11,48,4,30,82.0
664,2018-12-01,2018,12,48,5,1,52.0
665,2018-12-02,2018,12,48,6,2,30.0
666,2018-12-03,2018,12,49,0,3,64.0
667,2018-12-04,2018,12,49,1,4,91.0
668,2018-12-05,2018,12,49,2,5,70.0
669,2018-12-06,2018,12,49,3,6,74.0
670,2018-12-07,2018,12,49,4,7,51.0
671,2018-12-08,2018,12,49,5,8,68.0
672,2018-12-09,2018,12,49,6,9,47.0
673,2018-12-10,2018,12,50,0,10,92.0
674,2018-12-11,2018,12,50,1,11,48.0
675,2018-12-12,2018,12,50,2,12,40.0
676,2018-12-13,2018,12,50,3,13,41.0
677,2018-12-14,2018,12,50,4,14,31.0
678,2018-12-15,2018,12,50,5,15,37.0
679,2018-12-16,2018,12,50,6,16,44.0
680,2018-12-17,2018,12,51,0,17,68.0
681,2018-12-18,2018,12,51,1,18,56.0
682,2018-12-19,2018,12,51,2,19,55.0
683,2018-12-20,2018,12,51,3,20,67.0
684,2018-12-21,2018,12,51,4,21,68.0
685,2018-12-22,2018,12,51,5,22,13.0
686,2018-12-23,2018,12,51,6,23,43.0
687,2018-12-24,2018,12,52,0,24,35.0
688,2018-12-25,2018,12,52,1,25,43.0
689,2018-12-26,2018,12,52,2,26,34.0
690,2018-12-27,2018,12,52,3,27,26.0
691,2018-12-28,2018,12,52,4,28,32.0
692,2018-12-29,2018,12,52,5,29,16.0
693,2018-12-30,2018,12,52,6,30,33.0
694,2018-12-31,2019,12,1,0,31,0.0
695,2019-01-01,2019,1,1,1,1,37.0
696,2019-01-02,2019,1,1,2,2,13.0
697,2019-01-03,2019,1,1,3,3,15.0
698,2019-01-04,2019,1,1,4,4,25.0
699,2019-01-05,2019,1,1,5,5,38.0
700,2019-01-06,2019,1,1,6,6,37.0
701,2019-01-07,2019,1,2,0,7,28.0
702,2019-01-08,2019,1,2,1,8,44.0
703,2019-01-09,2019,1,2,2,9,47.0
704,2019-01-10,2019,1,2,3,10,53.0
705,2019-01-11,2019,1,2,4,11,62.0
706,2019-01-12,2019,1,2,5,12,60.0
707,2019-01-13,2019,1,2,6,13,47.0
708,2019-01-14,2019,1,3,0,14,41.0
709,2019-01-15,2019,1,3,1,15,54.0
710,2019-01-16,2019,1,3,2,16,52.0
711,2019-01-17,2019,1,3,3,17,47.0
712,2019-01-18,2019,1,3,4,18,77.0
713,2019-01-19,2019,1,3,5,19,37.0
714,2019-01-20,2019,1,3,6,20,37.0
715,2019-01-21,2019,1,4,0,21,57.0
716,2019-01-22,2019,1,4,1,22,90.0
717,2019-01-23,2019,1,4,2,23,44.0
718,2019-01-24,2019,1,4,3,24,50.0
719,2019-01-25,2019,1,4,4,25,52.0
720,2019-01-26,2019,1,4,5,26,45.0
721,2019-01-27,2019,1,4,6,27,61.0
722,2019-01-28,2019,1,5,0,28,53.0
723,2019-01-29,2019,1,5,1,29,57.0
724,2019-01-30,2019,1,5,2,30,74.0
725,2019-01-31,2019,1,5,3,31,54.0
726,2019-02-01,2019,2,5,4,1,68.0
727,2019-02-02,2019,2,5,5,2,35.0
728,2019-02-03,2019,2,5,6,3,74.0
729,2019-02-04,2019,2,6,0,4,84.0
730,2019-02-05,2019,2,6,1,5,43.0
731,2019-02-06,2019,2,6,2,6,108.0
732,2019-02-07,2019,2,6,3,7,114.0
733,2019-02-08,2019,2,6,4,8,107.0
734,2019-02-09,2019,2,6,5,9,105.0
735,2019-02-10,2019,2,6,6,10,86.0
736,2019-02-11,2019,2,7,0,11,133.0
737,2019-02-12,2019,2,7,1,12,103.0
738,2019-02-13,2019,2,7,2,13,92.0
739,2019-02-14,2019,2,7,3,14,71.0
740,2019-02-15,2019,2,7,4,15,96.0
741,2019-02-16,2019,2,7,5,16,57.0
742,2019-02-17,2019,2,7,6,17,78.0
743,2019-02-18,2019,2,8,0,18,80.0
744,2019-02-19,2019,2,8,1,19,38.0
745,2019-02-20,2019,2,8,2,20,85.0
746,2019-02-21,2019,2,8,3,21,71.0
747,2019-02-22,2019,2,8,4,22,87.0
748,2019-02-23,2019,2,8,5,23,69.0
749,2019-02-24,2019,2,8,6,24,47.0
750,2019-02-25,2019,2,9,0,25,90.0
751,2019-02-26,2019,2,9,1,26,41.0
752,2019-02-27,2019,2,9,2,27,97.0
753,2019-02-28,2019,2,9,3,28,70.0
754,2019-03-01,2019,3,9,4,1,101.0
755,2019-03-02,2019,3,9,5,2,89.0
756,2019-03-03,2019,3,9,6,3,89.0
757,2019-03-04,2019,3,10,0,4,78.0
758,2019-03-05,2019,3,10,1,5,85.0
759,2019-03-06,2019,3,10,2,6,100.0
760,2019-03-07,2019,3,10,3,7,62.0
761,2019-03-08,2019,3,10,4,8,78.0
762,2019-03-09,2019,3,10,5,9,83.0
763,2019-03-10,2019,3,10,6,10,45.0
764,2019-03-11,2019,3,11,0,11,63.0
765,2019-03-12,2019,3,11,1,12,59.0
766,2019-03-13,2019,3,11,2,13,50.0
767,2019-03-14,2019,3,11,3,14,79.0
768,2019-03-15,2019,3,11,4,15,55.0
769,2019-03-16,2019,3,11,5,16,88.0
770,2019-03-17,2019,3,11,6,17,96.0
771,2019-03-18,2019,3,12,0,18,54.0
772,2019-03-19,2019,3,12,1,19,53.0
773,2019-03-20,2019,3,12,2,20,90.0
774,2019-03-21,2019,3,12,3,21,107.0
775,2019-03-22,2019,3,12,4,22,77.0
776,2019-03-23,2019,3,12,5,23,72.0
777,2019-03-24,2019,3,12,6,24,59.0
778,2019-03-25,2019,3,13,0,25,84.0
779,2019-03-26,2019,3,13,1,26,76.0
780,2019-03-27,2019,3,13,2,27,49.0
781,2019-03-28,2019,3,13,3,28,82.0
782,2019-03-29,2019,3,13,4,29,47.0
783,2019-03-30,2019,3,13,5,30,102.0
784,2019-03-31,2019,3,13,6,31,55.0
785,2019-04-01,2019,4,14,0,1,49.0
786,2019-04-02,2019,4,14,1,2,73.0
787,2019-04-03,2019,4,14,2,3,79.0
788,2019-04-04,2019,4,14,3,4,66.0
789,2019-04-05,2019,4,14,4,5,83.0
790,2019-04-06,2019,4,14,5,6,57.0
791,2019-04-07,2019,4,14,6,7,63.0
792,2019-04-08,2019,4,15,0,8,78.0
793,2019-04-09,2019,4,15,1,9,86.0
794,2019-04-10,2019,4,15,2,10,82.0
795,2019-04-11,2019,4,15,3,11,95.0
796,2019-04-12,2019,4,15,4,12,91.0
797,2019-04-13,2019,4,15,5,13,47.0
798,2019-04-14,2019,4,15,6,14,86.0
799,2019-04-15,2019,4,16,0,15,42.0
800,2019-04-16,2019,4,16,1,16,61.0
801,2019-04-17,2019,4,16,2,17,59.0
802,2019-04-18,2019,4,16,3,18,26.0
803,2019-04-19,2019,4,16,4,19,65.0
804,2019-04-20,2019,4,16,5,20,32.0
805,2019-04-21,2019,4,16,6,21,68.0
806,2019-04-22,2019,4,17,0,22,30.0
807,2019-04-23,2019,4,17,1,23,81.0
808,2019-04-24,2019,4,17,2,24,105.0
809,2019-04-25,2019,4,17,3,25,117.0
810,2019-04-26,2019,4,17,4,26,44.0
811,2019-04-27,2019,4,17,5,27,59.0
812,2019-04-28,2019,4,17,6,28,123.0
813,2019-04-29,2019,4,18,0,29,60.0
814,2019-04-30,2019,4,18,1,30,118.0
815,2019-05-01,2019,5,18,2,1,108.0
816,2019-05-02,2019,5,18,3,2,62.0
817,2019-05-03,2019,5,18,4,3,81.0
818,2019-05-04,2019,5,18,5,4,60.0
819,2019-05-05,2019,5,18,6,5,107.0
820,2019-05-06,2019,5,19,0,6,76.0
821,2019-05-07,2019,5,19,1,7,84.0
822,2019-05-08,2019,5,19,2,8,41.0
823,2019-05-09,2019,5,19,3,9,70.0
824,2019-05-10,2019,5,19,4,10,80.0
825,2019-05-11,2019,5,19,5,11,157.0
826,2019-05-12,2019,5,19,6,12,101.0
827,2019-05-13,2019,5,20,0,13,109.0
828,2019-05-14,2019,5,20,1,14,83.0
829,2019-05-15,2019,5,20,2,15,94.0
830,2019-05-16,2019,5,20,3,16,124.0
831,2019-05-17,2019,5,20,4,17,125.0
832,2019-05-18,2019,5,20,5,18,69.0
833,2019-05-19,2019,5,20,6,19,76.0
834,2019-05-20,2019,5,21,0,20,114.0
835,2019-05-21,2019,5,21,1,21,79.0
836,2019-05-22,2019,5,21,2,22,53.0
837,2019-05-23,2019,5,21,3,23,112.0
838,2019-05-24,2019,5,21,4,24,88.0
839,2019-05-25,2019,5,21,5,25,50.0
840,2019-05-26,2019,5,21,6,26,94.0
841,2019-05-27,2019,5,22,0,27,68.0
842,2019-05-28,2019,5,22,1,28,75.0
843,2019-05-29,2019,5,22,2,29,76.0
844,2019-05-30,2019,5,22,3,30,67.0
845,2019-05-31,2019,5,22,4,31,91.0
846,2019-06-01,2019,6,22,5,1,72.0
847,2019-06-02,2019,6,22,6,2,74.0
848,2019-06-03,2019,6,23,0,3,93.0
849,2019-06-04,2019,6,23,1,4,56.0
850,2019-06-05,2019,6,23,2,5,62.0
851,2019-06-06,2019,6,23,3,6,52.0
852,2019-06-07,2019,6,23,4,7,29.0
853,2019-06-08,2019,6,23,5,8,53.0
854,2019-06-09,2019,6,23,6,9,41.0
855,2019-06-10,2019,6,24,0,10,31.0
856,2019-06-11,2019,6,24,1,11,30.0
857,2019-06-12,2019,6,24,2,12,35.0
858,2019-06-13,2019,6,24,3,13,41.0
859,2019-06-14,2019,6,24,4,14,41.0
860,2019-06-15,2019,6,24,5,15,31.0
861,2019-06-16,2019,6,24,6,16,23.0
862,2019-06-17,2019,6,25,0,17,61.0
863,2019-06-18,2019,6,25,1,18,42.0
864,2019-06-19,2019,6,25,2,19,33.0
865,2019-06-20,2019,6,25,3,20,41.0
866,2019-06-21,2019,6,25,4,21,54.0
867,2019-06-22,2019,6,25,5,22,44.0
868,2019-06-23,2019,6,25,6,23,41.0
869,2019-06-24,2019,6,26,0,24,17.0
870,2019-06-25,2019,6,26,1,25,22.0
871,2019-06-26,2019,6,26,2,26,47.0
872,2019-06-27,2019,6,26,3,27,45.0
873,2019-06-28,2019,6,26,4,28,28.0
874,2019-06-29,2019,6,26,5,29,26.0
875,2019-06-30,2019,6,26,6,30,36.0
876,2019-07-01,2019,7,27,0,1,29.0
877,2019-07-02,2019,7,27,1,2,53.0
878,2019-07-03,2019,7,27,2,3,44.0
879,2019-07-04,2019,7,27,3,4,33.0
880,2019-07-05,2019,7,27,4,5,36.0
881,2019-07-06,2019,7,27,5,6,46.0
882,2019-07-07,2019,7,27,6,7,50.0
883,2019-07-08,2019,7,28,0,8,28.0
884,2019-07-09,2019,7,28,1,9,16.0
885,2019-07-10,2019,7,28,2,10,38.0
886,2019-07-11,2019,7,28,3,11,20.0
887,2019-07-12,2019,7,28,4,12,25.0
888,2019-07-13,2019,7,28,5,13,43.0
889,2019-07-14,2019,7,28,6,14,55.0
890,2019-07-15,2019,7,29,0,15,45.0
891,2019-07-16,2019,7,29,1,16,51.0
892,2019-07-17,2019,7,29,2,17,39.0
893,2019-07-18,2019,7,29,3,18,41.0
894,2019-07-19,2019,7,29,4,19,51.0
895,2019-07-20,2019,7,29,5,20,71.0
896,2019-07-21,2019,7,29,6,21,50.0
897,2019-07-22,2019,7,30,0,22,72.0
898,2019-07-23,2019,7,30,1,23,95.0
899,2019-07-24,2019,7,30,2,24,82.0
900,2019-07-25,2019,7,30,3,25,70.0
901,2019-07-26,2019,7,30,4,26,70.0
902,2019-07-27,2019,7,30,5,27,51.0
903,2019-07-28,2019,7,30,6,28,77.0
904,2019-07-29,2019,7,31,0,29,46.0
905,2019-07-30,2019,7,31,1,30,73.0
906,2019-07-31,2019,7,31,2,31,97.0
907,2019-08-01,2019,8,31,3,1,66.0
908,2019-08-02,2019,8,31,4,2,56.0
909,2019-08-03,2019,8,31,5,3,61.0
910,2019-08-04,2019,8,31,6,4,50.0
911,2019-08-05,2019,8,32,0,5,37.0
912,2019-08-06,2019,8,32,1,6,52.0
913,2019-08-07,2019,8,32,2,7,36.0
914,2019-08-08,2019,8,32,3,8,53.0
915,2019-08-09,2019,8,32,4,9,65.0
916,2019-08-10,2019,8,32,5,10,42.0
917,2019-08-11,2019,8,32,6,11,78.0
918,2019-08-12,2019,8,33,0,12,52.0
919,2019-08-13,2019,8,33,1,13,60.0
920,2019-08-14,2019,8,33,2,14,56.0
921,2019-08-15,2019,8,33,3,15,72.0
922,2019-08-16,2019,8,33,4,16,43.0
923,2019-08-17,2019,8,33,5,17,31.0
924,2019-08-18,2019,8,33,6,18,59.0
925,2019-08-19,2019,8,34,0,19,91.0
926,2019-08-20,2019,8,34,1,20,33.0
927,2019-08-21,2019,8,34,2,21,47.0
928,2019-08-22,2019,8,34,3,22,24.0
929,2019-08-23,2019,8,34,4,23,46.0
930,2019-08-24,2019,8,34,5,24,27.0
931,2019-08-25,2019,8,34,6,25,51.0
932,2019-08-26,2019,8,35,0,26,29.0
933,2019-08-27,2019,8,35,1,27,30.0
934,2019-08-28,2019,8,35,2,28,29.0
935,2019-08-29,2019,8,35,3,29,44.0
936,2019-08-30,2019,8,35,4,30,84.0
937,2019-08-31,2019,8,35,5,31,86.0
938,2019-09-01,2019,9,35,6,1,73.0
939,2019-09-02,2019,9,36,0,2,26.0
940,2019-09-03,2019,9,36,1,3,39.0
941,2019-09-04,2019,9,36,2,4,70.0
942,2019-09-05,2019,9,36,3,5,46.0
943,2019-09-06,2019,9,36,4,6,54.0
944,2019-09-07,2019,9,36,5,7,78.0
945,2019-09-08,2019,9,36,6,8,47.0
946,2019-09-09,2019,9,37,0,9,53.0
947,2019-09-10,2019,9,37,1,10,34.0
948,2019-09-11,2019,9,37,2,11,74.0
949,2019-09-12,2019,9,37,3,12,101.0
950,2019-09-13,2019,9,37,4,13,59.0
951,2019-09-14,2019,9,37,5,14,77.0
952,2019-09-15,2019,9,37,6,15,79.0
953,2019-09-16,2019,9,38,0,16,38.0
954,2019-09-17,2019,9,38,1,17,71.0
955,2019-09-18,2019,9,38,2,18,110.0
956,2019-09-19,2019,9,38,3,19,69.0
957,2019-09-20,2019,9,38,4,20,41.0
958,2019-09-21,2019,9,38,5,21,71.0
959,2019-09-22,2019,9,38,6,22,55.0
960,2019-09-23,2019,9,39,0,23,49.0
961,2019-09-24,2019,9,39,1,24,80.0
962,2019-09-25,2019,9,39,2,25,84.0
963,2019-09-26,2019,9,39,3,26,112.0
964,2019-09-27,2019,9,39,4,27,53.0
965,2019-09-28,2019,9,39,5,28,77.0
966,2019-09-29,2019,9,39,6,29,64.0
967,2019-09-30,2019,9,40,0,30,44.0
968,2019-10-01,2019,10,40,1,1,36.0
969,2019-10-02,2019,10,40,2,2,79.0
970,2019-10-03,2019,10,40,3,3,90.0
971,2019-10-04,2019,10,40,4,4,64.0
972,2019-10-05,2019,10,40,5,5,82.0
973,2019-10-06,2019,10,40,6,6,103.0
974,2019-10-07,2019,10,41,0,7,90.0
975,2019-10-08,2019,10,41,1,8,52.0
976,2019-10-09,2019,10,41,2,9,81.0
977,2019-10-10,2019,10,41,3,10,52.0
978,2019-10-11,2019,10,41,4,11,54.0
979,2019-10-12,2019,10,41,5,12,103.0
980,2019-10-13,2019,10,41,6,13,61.0
981,2019-10-14,2019,10,42,0,14,28.0
982,2019-10-15,2019,10,42,1,15,40.0
983,2019-10-16,2019,10,42,2,16,48.0
984,2019-10-17,2019,10,42,3,17,35.0
985,2019-10-18,2019,10,42,4,18,72.0
986,2019-10-19,2019,10,42,5,19,68.0
987,2019-10-20,2019,10,42,6,20,43.0
988,2019-10-21,2019,10,43,0,21,72.0
989,2019-10-22,2019,10,43,1,22,63.0
990,2019-10-23,2019,10,43,2,23,59.0
991,2019-10-24,2019,10,43,3,24,35.0
992,2019-10-25,2019,10,43,4,25,58.0
993,2019-10-26,2019,10,43,5,26,63.0
994,2019-10-27,2019,10,43,6,27,100.0
995,2019-10-28,2019,10,44,0,28,43.0
996,2019-10-29,2019,10,44,1,29,60.0
997,2019-10-30,2019,10,44,2,30,82.0
998,2019-10-31,2019,10,44,3,31,88.0
999,2019-11-01,2019,11,44,4,1,42.0
1000,2019-11-02,2019,11,44,5,2,78.0
1001,2019-11-03,2019,11,44,6,3,62.0
1002,2019-11-04,2019,11,45,0,4,56.0
1003,2019-11-05,2019,11,45,1,5,40.0
1004,2019-11-06,2019,11,45,2,6,24.0
1005,2019-11-07,2019,11,45,3,7,44.0
1006,2019-11-08,2019,11,45,4,8,41.0
1007,2019-11-09,2019,11,45,5,9,74.0
1008,2019-11-10,2019,11,45,6,10,90.0
1009,2019-11-11,2019,11,46,0,11,69.0
1010,2019-11-12,2019,11,46,1,12,57.0
1011,2019-11-13,2019,11,46,2,13,66.0
1012,2019-11-14,2019,11,46,3,14,62.0
1013,2019-11-15,2019,11,46,4,15,79.0
1014,2019-11-16,2019,11,46,5,16,53.0
1015,2019-11-17,2019,11,46,6,17,53.0
1016,2019-11-18,2019,11,47,0,18,71.0
1017,2019-11-19,2019,11,47,1,19,79.0
1018,2019-11-20,2019,11,47,2,20,61.0
1019,2019-11-21,2019,11,47,3,21,82.0
1020,2019-11-22,2019,11,47,4,22,29.0
1021,2019-11-23,2019,11,47,5,23,64.0
1022,2019-11-24,2019,11,47,6,24,48.0
1023,2019-11-25,2019,11,48,0,25,64.0
1024,2019-11-26,2019,11,48,1,26,40.0
1025,2019-11-27,2019,11,48,2,27,42.0
1026,2019-11-28,2019,11,48,3,28,41.0
1027,2019-11-29,2019,11,48,4,29,73.0
1028,2019-11-30,2019,11,48,5,30,39.0
1029,2019-12-01,2019,12,48,6,1,44.0
1030,2019-12-02,2019,12,49,0,2,21.0
1031,2019-12-03,2019,12,49,1,3,62.0
1032,2019-12-04,2019,12,49,2,4,41.0
1033,2019-12-05,2019,12,49,3,5,38.0
1034,2019-12-06,2019,12,49,4,6,26.0
1035,2019-12-07,2019,12,49,5,7,48.0
1036,2019-12-08,2019,12,49,6,8,54.0
1037,2019-12-09,2019,12,50,0,9,51.0
1038,2019-12-10,2019,12,50,1,10,44.0
1039,2019-12-11,2019,12,50,2,11,37.0
1040,2019-12-12,2019,12,50,3,12,53.0
1041,2019-12-13,2019,12,50,4,13,66.0
1042,2019-12-14,2019,12,50,5,14,70.0
1043,2019-12-15,2019,12,50,6,15,46.0
1044,2019-12-16,2019,12,51,0,16,37.0
1045,2019-12-17,2019,12,51,1,17,73.0
1046,2019-12-18,2019,12,51,2,18,40.0
1047,2019-12-19,2019,12,51,3,19,41.0
1048,2019-12-20,2019,12,51,4,20,21.0
1049,2019-12-21,2019,12,51,5,21,38.0
1050,2019-12-22,2019,12,51,6,22,31.0
1051,2019-12-23,2019,12,52,0,23,32.0
1052,2019-12-24,2019,12,52,1,24,16.0
1053,2019-12-25,2019,12,52,2,25,32.0
1054,2019-12-26,2019,12,52,3,26,23.0
1055,2019-12-27,2019,12,52,4,27,34.0
1056,2019-12-28,2019,12,52,5,28,40.0
1057,2019-12-29,2019,12,52,6,29,42.0
1058,2019-12-30,2020,12,1,0,30,21.0
1059,2019-12-31,2020,12,1,1,31,0.0
1060,2020-01-01,2020,1,1,2,1,76.0
1061,2020-01-02,2020,1,1,3,2,39.0
1062,2020-01-03,2020,1,1,4,3,32.0
1063,2020-01-04,2020,1,1,5,4,21.0
1064,2020-01-05,2020,1,1,6,5,40.0
1065,2020-01-06,2020,1,2,0,6,61.0
1066,2020-01-07,2020,1,2,1,7,58.0
1067,2020-01-08,2020,1,2,2,8,39.0
1068,2020-01-09,2020,1,2,3,9,28.0
1069,2020-01-10,2020,1,2,4,10,56.0
1070,2020-01-11,2020,1,2,5,11,53.0
1071,2020-01-12,2020,1,2,6,12,59.0
1072,2020-01-13,2020,1,3,0,13,49.0
1073,2020-01-14,2020,1,3,1,14,59.0
1074,2020-01-15,2020,1,3,2,15,44.0
1075,2020-01-16,2020,1,3,3,16,89.0
1076,2020-01-17,2020,1,3,4,17,89.0
1077,2020-01-18,2020,1,3,5,18,98.0
1078,2020-01-19,2020,1,3,6,19,89.0
1079,2020-01-20,2020,1,4,0,20,51.0
1080,2020-01-21,2020,1,4,1,21,66.0
1081,2020-01-22,2020,1,4,2,22,43.0
1082,2020-01-23,2020,1,4,3,23,69.0
1083,2020-01-24,2020,1,4,4,24,86.0
1084,2020-01-25,2020,1,4,5,25,76.0
1085,2020-01-26,2020,1,4,6,26,118.0
1086,2020-01-27,2020,1,5,0,27,43.0
1087,2020-01-28,2020,1,5,1,28,95.0
1088,2020-01-29,2020,1,5,2,29,86.0
1089,2020-01-30,2020,1,5,3,30,58.0
1090,2020-01-31,2020,1,5,4,31,116.0
1091,2020-02-01,2020,2,5,5,1,60.0
1092,2020-02-02,2020,2,5,6,2,120.0
1093,2020-02-03,2020,2,6,0,3,87.0
1094,2020-02-04,2020,2,6,1,4,104.0
1095,2020-02-05,2020,2,6,2,5,74.0
1096,2020-02-06,2020,2,6,3,6,111.0
1097,2020-02-07,2020,2,6,4,7,84.0
1098,2020-02-08,2020,2,6,5,8,118.0
1099,2020-02-09,2020,2,6,6,9,147.0
1100,2020-02-10,2020,2,7,0,10,81.0
1101,2020-02-11,2020,2,7,1,11,92.0
1102,2020-02-12,2020,2,7,2,12,83.0
1103,2020-02-13,2020,2,7,3,13,109.0
1104,2020-02-14,2020,2,7,4,14,94.0
1105,2020-02-15,2020,2,7,5,15,96.0
1106,2020-02-16,2020,2,7,6,16,120.0
1107,2020-02-17,2020,2,8,0,17,105.0
1108,2020-02-18,2020,2,8,1,18,54.0
1109,2020-02-19,2020,2,8,2,19,53.0
1110,2020-02-20,2020,2,8,3,20,74.0
1111,2020-02-21,2020,2,8,4,21,98.0
1112,2020-02-22,2020,2,8,5,22,95.0
1113,2020-02-23,2020,2,8,6,23,115.0
1114,2020-02-24,2020,2,9,0,24,70.0
1115,2020-02-25,2020,2,9,1,25,50.0
1116,2020-02-26,2020,2,9,2,26,80.0
1117,2020-02-27,2020,2,9,3,27,77.0
1118,2020-02-28,2020,2,9,4,28,50.0
1119,2020-02-29,2020,2,9,5,29,115.0
1120,2020-03-01,2020,3,9,6,1,51.0
1121,2020-03-02,2020,3,10,0,2,80.0
1122,2020-03-03,2020,3,10,1,3,70.0
1123,2020-03-04,2020,3,10,2,4,61.0
1124,2020-03-05,2020,3,10,3,5,78.0
1125,2020-03-06,2020,3,10,4,6,59.0
1126,2020-03-07,2020,3,10,5,7,94.0
1127,2020-03-08,2020,3,10,6,8,86.0
1128,2020-03-09,2020,3,11,0,9,49.0
1129,2020-03-10,2020,3,11,1,10,45.0
1130,2020-03-11,2020,3,11,2,11,50.0
1131,2020-03-12,2020,3,11,3,12,44.0
1132,2020-03-13,2020,3,11,4,13,96.0
1133,2020-03-14,2020,3,11,5,14,84.0
1134,2020-03-15,2020,3,11,6,15,58.0
1135,2020-03-16,2020,3,12,0,16,52.0
1136,2020-03-17,2020,3,12,1,17,45.0
1137,2020-03-18,2020,3,12,2,18,33.0
1138,2020-03-19,2020,3,12,3,19,56.0
1139,2020-03-20,2020,3,12,4,20,40.0
1140,2020-03-21,2020,3,12,5,21,88.0
1141,2020-03-22,2020,3,12,6,22,120.0
1142,2020-03-23,2020,3,13,0,23,62.0
1143,2020-03-24,2020,3,13,1,24,128.0
1144,2020-03-25,2020,3,13,2,25,192.0
1145,2020-03-26,2020,3,13,3,26,170.0
1146,2020-03-27,2020,3,13,4,27,188.0
1147,2020-03-28,2020,3,13,5,28,168.0
1148,2020-03-29,2020,3,13,6,29,107.0
1149,2020-03-30,2020,3,14,0,30,153.0
1150,2020-03-31,2020,3,14,1,31,190.0
1151,2020-04-01,2020,4,14,2,1,254.0
1152,2020-04-02,2020,4,14,3,2,180.0
1153,2020-04-03,2020,4,14,4,3,239.0
1154,2020-04-04,2020,4,14,5,4,197.0
1155,2020-04-05,2020,4,14,6,5,194.0
1156,2020-04-06,2020,4,15,0,6,230.0
1157,2020-04-07,2020,4,15,1,7,178.0
1158,2020-04-08,2020,4,15,2,8,123.0
1159,2020-04-09,2020,4,15,3,9,179.0
1160,2020-04-10,2020,4,15,4,10,117.0
1161,2020-04-11,2020,4,15,5,11,200.0
1162,2020-04-12,2020,4,15,6,12,164.0
1163,2020-04-13,2020,4,16,0,13,155.0
1164,2020-04-14,2020,4,16,1,14,187.0
1165,2020-04-15,2020,4,16,2,15,187.0
1166,2020-04-16,2020,4,16,3,16,277.0
1167,2020-04-17,2020,4,16,4,17,164.0
1168,2020-04-18,2020,4,16,5,18,185.0
1169,2020-04-19,2020,4,16,6,19,144.0
1170,2020-04-20,2020,4,17,0,20,106.0
1171,2020-04-21,2020,4,17,1,21,153.0
1172,2020-04-22,2020,4,17,2,22,174.0
1173,2020-04-23,2020,4,17,3,23,155.0
1174,2020-04-24,2020,4,17,4,24,165.0
1175,2020-04-25,2020,4,17,5,25,117.0
1176,2020-04-26,2020,4,17,6,26,118.0
1177,2020-04-27,2020,4,18,0,27,198.0
1178,2020-04-28,2020,4,18,1,28,191.0
1179,2020-04-29,2020,4,18,2,29,325.0
1180,2020-04-30,2020,4,18,3,30,232.0
1181,2020-05-01,2020,5,18,4,1,249.0
1182,2020-05-02,2020,5,18,5,2,125.0
1183,2020-05-03,2020,5,18,6,3,155.0
1184,2020-05-04,2020,5,19,0,4,192.0
1185,2020-05-05,2020,5,19,1,5,222.0
1186,2020-05-06,2020,5,19,2,6,162.0
1187,2020-05-07,2020,5,19,3,7,217.0
1188,2020-05-08,2020,5,19,4,8,197.0
1189,2020-05-09,2020,5,19,5,9,149.0
1190,2020-05-10,2020,5,19,6,10,135.0
1191,2020-05-11,2020,5,20,0,11,179.0
1192,2020-05-12,2020,5,20,1,12,214.0
1193,2020-05-13,2020,5,20,2,13,212.0
1194,2020-05-14,2020,5,20,3,14,228.0
1195,2020-05-15,2020,5,20,4,15,435.0
1196,2020-05-16,2020,5,20,5,16,352.0
1197,2020-05-17,2020,5,20,6,17,350.0
1198,2020-05-18,2020,5,21,0,18,227.0
1199,2020-05-19,2020,5,21,1,19,274.0
1200,2020-05-20,2020,5,21,2,20,294.0
1201,2020-05-21,2020,5,21,3,21,284.0
1202,2020-05-22,2020,5,21,4,22,338.0
1203,2020-05-23,2020,5,21,5,23,318.0
1204,2020-05-24,2020,5,21,6,24,270.0
1205,2020-05-25,2020,5,22,0,25,186.0
1206,2020-05-26,2020,5,22,1,26,185.0
1207,2020-05-27,2020,5,22,2,27,202.0
1208,2020-05-28,2020,5,22,3,28,194.0
1209,2020-05-29,2020,5,22,4,29,211.0
1210,2020-05-30,2020,5,22,5,30,192.0
1211,2020-05-31,2020,5,22,6,31,133.0
1212,2020-06-01,2020,6,23,0,1,116.0
1213,2020-06-02,2020,6,23,1,2,198.0
1214,2020-06-03,2020,6,23,2,3,190.0
1215,2020-06-04,2020,6,23,3,4,163.0
1216,2020-06-05,2020,6,23,4,5,229.0
1217,2020-06-06,2020,6,23,5,6,171.0
1218,2020-06-07,2020,6,23,6,7,239.0
1219,2020-06-08,2020,6,24,0,8,112.0
1220,2020-06-09,2020,6,24,1,9,80.0
1221,2020-06-10,2020,6,24,2,10,147.0
1222,2020-06-11,2020,6,24,3,11,129.0
1223,2020-06-12,2020,6,24,4,12,117.0
1224,2020-06-13,2020,6,24,5,13,73.0
1225,2020-06-14,2020,6,24,6,14,77.0
1226,2020-06-15,2020,6,25,0,15,79.0
1227,2020-06-16,2020,6,25,1,16,90.0
1228,2020-06-17,2020,6,25,2,17,153.0
1229,2020-06-18,2020,6,25,3,18,179.0
1230,2020-06-19,2020,6,25,4,19,160.0
1231,2020-06-20,2020,6,25,5,20,140.0
1232,2020-06-21,2020,6,25,6,21,188.0
1233,2020-06-22,2020,6,26,0,22,192.0
1234,2020-06-23,2020,6,26,1,23,118.0
1235,2020-06-24,2020,6,26,2,24,173.0
1236,2020-06-25,2020,6,26,3,25,150.0
1237,2020-06-26,2020,6,26,4,26,121.0
1238,2020-06-27,2020,6,26,5,27,171.0
1239,2020-06-28,2020,6,26,6,28,194.0
1240,2020-06-29,2020,6,27,0,29,167.0
1241,2020-06-30,2020,6,27,1,30,76.0
1242,2020-07-01,2020,7,27,2,1,62.0
1243,2020-07-02,2020,7,27,3,2,114.0
1244,2020-07-03,2020,7,27,4,3,64.0
1245,2020-07-04,2020,7,27,5,4,85.0
1246,2020-07-05,2020,7,27,6,5,211.0
1247,2020-07-06,2020,7,28,0,6,59.0
1248,2020-07-07,2020,7,28,1,7,24.0
1249,2020-07-08,2020,7,28,2,8,75.0
1250,2020-07-09,2020,7,28,3,9,80.0
1251,2020-07-10,2020,7,28,4,10,172.0
1252,2020-07-11,2020,7,28,5,11,192.0
1253,2020-07-12,2020,7,28,6,12,141.0
1254,2020-07-13,2020,7,29,0,13,64.0
1255,2020-07-14,2020,7,29,1,14,44.0
1256,2020-07-15,2020,7,29,2,15,39.0
1257,2020-07-16,2020,7,29,3,16,78.0
1258,2020-07-17,2020,7,29,4,17,142.0
1259,2020-07-18,2020,7,29,5,18,215.0
1260,2020-07-19,2020,7,29,6,19,185.0
1261,2020-07-20,2020,7,30,0,20,215.0
1262,2020-07-21,2020,7,30,1,21,65.0
1263,2020-07-22,2020,7,30,2,22,103.0
1264,2020-07-23,2020,7,30,3,23,86.0
1265,2020-07-24,2020,7,30,4,24,119.0
1266,2020-07-25,2020,7,30,5,25,130.0
1267,2020-07-26,2020,7,30,6,26,133.0
1268,2020-07-27,2020,7,31,0,27,65.0
1269,2020-07-28,2020,7,31,1,28,81.0
1270,2020-07-29,2020,7,31,2,29,123.0
1271,2020-07-30,2020,7,31,3,30,90.0
1272,2020-07-31,2020,7,31,4,31,173.0
1273,2020-08-01,2020,8,31,5,1,191.0
1274,2020-08-02,2020,8,31,6,2,191.0
1275,2020-08-03,2020,8,32,0,3,166.0
1276,2020-08-04,2020,8,32,1,4,180.0
1277,2020-08-05,2020,8,32,2,5,223.0
1278,2020-08-06,2020,8,32,3,6,150.0
1279,2020-08-07,2020,8,32,4,7,194.0
1280,2020-08-08,2020,8,32,5,8,216.0
1281,2020-08-09,2020,8,32,6,9,192.0
1282,2020-08-10,2020,8,33,0,10,122.0
1283,2020-08-11,2020,8,33,1,11,137.0
1284,2020-08-12,2020,8,33,2,12,140.0
1285,2020-08-13,2020,8,33,3,13,207.0
1286,2020-08-14,2020,8,33,4,14,133.0
1287,2020-08-15,2020,8,33,5,15,201.0
1288,2020-08-16,2020,8,33,6,16,240.0
1289,2020-08-17,2020,8,34,0,17,225.0
1290,2020-08-18,2020,8,34,1,18,128.0
1291,2020-08-19,2020,8,34,2,19,158.0
1292,2020-08-20,2020,8,34,3,20,160.0
1293,2020-08-21,2020,8,34,4,21,223.0
1294,2020-08-22,2020,8,34,5,22,140.0
1295,2020-08-23,2020,8,34,6,23,239.0
1296,2020-08-24,2020,8,35,0,24,151.0
1297,2020-08-25,2020,8,35,1,25,113.0
1298,2020-08-26,2020,8,35,2,26,175.0
1299,2020-08-27,2020,8,35,3,27,90.0
1300,2020-08-28,2020,8,35,4,28,151.0
1301,2020-08-29,2020,8,35,5,29,177.0
1302,2020-08-30,2020,8,35,6,30,242.0
1303,2020-08-31,2020,8,36,0,31,59.0
1304,2020-09-01,2020,9,36,1,1,78.0
1305,2020-09-02,2020,9,36,2,2,167.0
1306,2020-09-03,2020,9,36,3,3,156.0
1307,2020-09-04,2020,9,36,4,4,140.0
1308,2020-09-05,2020,9,36,5,5,264.0
1309,2020-09-06,2020,9,36,6,6,167.0
1310,2020-09-07,2020,9,37,0,7,100.0
1311,2020-09-08,2020,9,37,1,8,124.0
1312,2020-09-09,2020,9,37,2,9,109.0
1313,2020-09-10,2020,9,37,3,10,74.0
1314,2020-09-11,2020,9,37,4,11,109.0
1315,2020-09-12,2020,9,37,5,12,125.0
1316,2020-09-13,2020,9,37,6,13,107.0
1317,2020-09-14,2020,9,38,0,14,75.0
1318,2020-09-15,2020,9,38,1,15,40.0
1319,2020-09-16,2020,9,38,2,16,61.0
1320,2020-09-17,2020,9,38,3,17,92.0
1321,2020-09-18,2020,9,38,4,18,78.0
1322,2020-09-19,2020,9,38,5,19,85.0
1323,2020-09-20,2020,9,38,6,20,84.0
1324,2020-09-21,2020,9,39,0,21,72.0
1325,2020-09-22,2020,9,39,1,22,60.0
1326,2020-09-23,2020,9,39,2,23,59.0
1327,2020-09-24,2020,9,39,3,24,48.0
1328,2020-09-25,2020,9,39,4,25,82.0
1329,2020-09-26,2020,9,39,5,26,126.0
1330,2020-09-27,2020,9,39,6,27,105.0
1331,2020-09-28,2020,9,40,0,28,44.0
1332,2020-09-29,2020,9,40,1,29,29.0
1333,2020-09-30,2020,9,40,2,30,20.0
1334,2020-10-01,2020,10,40,3,1,34.0
1335,2020-10-02,2020,10,40,4,2,66.0
1336,2020-10-03,2020,10,40,5,3,117.0
1337,2020-10-04,2020,10,40,6,4,77.0
1338,2020-10-05,2020,10,41,0,5,34.0
1339,2020-10-06,2020,10,41,1,6,46.0
1340,2020-10-07,2020,10,41,2,7,71.0
1341,2020-10-08,2020,10,41,3,8,42.0
1342,2020-10-09,2020,10,41,4,9,98.0
1343,2020-10-10,2020,10,41,5,10,76.0
1344,2020-10-11,2020,10,41,6,11,172.0
1345,2020-10-12,2020,10,42,0,12,67.0
1346,2020-10-13,2020,10,42,1,13,49.0
1347,2020-10-14,2020,10,42,2,14,60.0
1348,2020-10-15,2020,10,42,3,15,54.0
1349,2020-10-16,2020,10,42,4,16,38.0
1350,2020-10-17,2020,10,42,5,17,65.0
1351,2020-10-18,2020,10,42,6,18,45.0
1352,2020-10-19,2020,10,43,0,19,51.0
1353,2020-10-20,2020,10,43,1,20,46.0
1354,2020-10-21,2020,10,43,2,21,34.0
1355,2020-10-22,2020,10,43,3,22,59.0
1356,2020-10-23,2020,10,43,4,23,58.0
1357,2020-10-24,2020,10,43,5,24,71.0
1358,2020-10-25,2020,10,43,6,25,63.0
1359,2020-10-26,2020,10,44,0,26,64.0
1360,2020-10-27,2020,10,44,1,27,25.0
1361,2020-10-28,2020,10,44,2,28,50.0
1362,2020-10-29,2020,10,44,3,29,18.0
1363,2020-10-30,2020,10,44,4,30,14.0
1364,2020-10-31,2020,10,44,5,31,73.0
1365,2020-11-01,2020,11,44,6,1,62.0
1366,2020-11-02,2020,11,45,0,2,76.0
1367,2020-11-03,2020,11,45,1,3,22.0
1368,2020-11-04,2020,11,45,2,4,59.0
1369,2020-11-05,2020,11,45,3,5,37.0
1370,2020-11-06,2020,11,45,4,6,50.0
1371,2020-11-07,2020,11,45,5,7,55.0
1372,2020-11-08,2020,11,45,6,8,86.0
1373,2020-11-09,2020,11,46,0,9,42.0
1374,2020-11-10,2020,11,46,1,10,42.0
1375,2020-11-11,2020,11,46,2,11,45.0
1376,2020-11-12,2020,11,46,3,12,67.0
1377,2020-11-13,2020,11,46,4,13,41.0
1378,2020-11-14,2020,11,46,5,14,89.0
1379,2020-11-15,2020,11,46,6,15,62.0
1380,2020-11-16,2020,11,47,0,16,29.0
1381,2020-11-17,2020,11,47,1,17,25.0
1382,2020-11-18,2020,11,47,2,18,32.0
1383,2020-11-19,2020,11,47,3,19,23.0
1384,2020-11-20,2020,11,47,4,20,41.0
1385,2020-11-21,2020,11,47,5,21,50.0
1386,2020-11-22,2020,11,47,6,22,88.0
1387,2020-11-23,2020,11,48,0,23,58.0
1388,2020-11-24,2020,11,48,1,24,38.0
1389,2020-11-25,2020,11,48,2,25,46.0
1390,2020-11-26,2020,11,48,3,26,27.0
1391,2020-11-27,2020,11,48,4,27,31.0
1392,2020-11-28,2020,11,48,5,28,28.0
1393,2020-11-29,2020,11,48,6,29,34.0
1394,2020-11-30,2020,11,49,0,30,51.0
1395,2020-12-01,2020,12,49,1,1,20.0
1396,2020-12-02,2020,12,49,2,2,39.0
1397,2020-12-03,2020,12,49,3,3,24.0
1398,2020-12-04,2020,12,49,4,4,52.0
1399,2020-12-05,2020,12,49,5,5,53.0
1400,2020-12-06,2020,12,49,6,6,71.0
1401,2020-12-07,2020,12,50,0,7,40.0
1402,2020-12-08,2020,12,50,1,8,81.0
1403,2020-12-09,2020,12,50,2,9,23.0
1404,2020-12-10,2020,12,50,3,10,41.0
1405,2020-12-11,2020,12,50,4,11,36.0
1406,2020-12-12,2020,12,50,5,12,63.0
1407,2020-12-13,2020,12,50,6,13,100.0
1408,2020-12-14,2020,12,51,0,14,43.0
1409,2020-12-15,2020,12,51,1,15,34.0
1410,2020-12-16,2020,12,51,2,16,38.0
1411,2020-12-17,2020,12,51,3,17,46.0
1412,2020-12-18,2020,12,51,4,18,67.0
1413,2020-12-19,2020,12,51,5,19,53.0
1414,2020-12-20,2020,12,51,6,20,87.0
1415,2020-12-21,2020,12,52,0,21,59.0
1416,2020-12-22,2020,12,52,1,22,29.0
1417,2020-12-23,2020,12,52,2,23,36.0
1418,2020-12-24,2020,12,52,3,24,35.0
1419,2020-12-25,2020,12,52,4,25,208.0
1420,2020-12-26,2020,12,52,5,26,67.0
1421,2020-12-27,2020,12,52,6,27,59.0
1422,2020-12-28,2020,12,53,0,28,19.0
1423,2020-12-29,2020,12,53,1,29,19.0
1424,2020-12-30,2020,12,53,2,30,28.0
1425,2020-12-31,2020,12,53,3,31,0.0
1426,2021-01-01,2020,1,53,4,1,65.0
1427,2021-01-02,2020,1,53,5,2,37.0
1428,2021-01-03,2020,1,53,6,3,73.0
1429,2021-01-04,2021,1,1,0,4,29.0
1430,2021-01-05,2021,1,1,1,5,17.0
1431,2021-01-06,2021,1,1,2,6,53.0
1432,2021-01-07,2021,1,1,3,7,39.0
1433,2021-01-08,2021,1,1,4,8,50.0
1434,2021-01-09,2021,1,1,5,9,209.0
1435,2021-01-10,2021,1,1,6,10,237.0
1436,2021-01-11,2021,1,2,0,11,152.0
1437,2021-01-12,2021,1,2,1,12,46.0
1438,2021-01-13,2021,1,2,2,13,74.0
1439,2021-01-14,2021,1,2,3,14,95.0
1440,2021-01-15,2021,1,2,4,15,64.0
1441,2021-01-16,2021,1,2,5,16,84.0
1442,2021-01-17,2021,1,2,6,17,107.0
1443,2021-01-18,2021,1,3,0,18,96.0
1444,2021-01-19,2021,1,3,1,19,115.0
1445,2021-01-20,2021,1,3,2,20,89.0
1446,2021-01-21,2021,1,3,3,21,135.0
1447,2021-01-22,2021,1,3,4,22,70.0
1448,2021-01-23,2021,1,3,5,23,134.0
1449,2021-01-24,2021,1,3,6,24,148.0
1450,2021-01-25,2021,1,4,0,25,139.0
1451,2021-01-26,2021,1,4,1,26,127.0
1452,2021-01-27,2021,1,4,2,27,128.0
1453,2021-01-28,2021,1,4,3,28,157.0
1454,2021-01-29,2021,1,4,4,29,142.0
1455,2021-01-30,2021,1,4,5,30,192.0
1456,2021-01-31,2021,1,4,6,31,139.0
1457,2021-02-01,2021,2,5,0,1,79.0
1458,2021-02-02,2021,2,5,1,2,145.0
1459,2021-02-03,2021,2,5,2,3,137.0
1460,2021-02-04,2021,2,5,3,4,113.0
1461,2021-02-05,2021,2,5,4,5,180.0
1462,2021-02-06,2021,2,5,5,6,136.0
1463,2021-02-07,2021,2,5,6,7,73.0
1464,2021-02-08,2021,2,6,0,8,118.0
1465,2021-02-09,2021,2,6,1,9,96.0
1466,2021-02-10,2021,2,6,2,10,97.0
1467,2021-02-11,2021,2,6,3,11,87.0
1468,2021-02-12,2021,2,6,4,12,106.0
1469,2021-02-13,2021,2,6,5,13,137.0
1470,2021-02-14,2021,2,6,6,14,144.0
1471,2021-02-15,2021,2,7,0,15,155.0
1472,2021-02-16,2021,2,7,1,16,124.0
1473,2021-02-17,2021,2,7,2,17,136.0
1474,2021-02-18,2021,2,7,3,18,97.0
1475,2021-02-19,2021,2,7,4,19,199.0
1476,2021-02-20,2021,2,7,5,20,133.0
1477,2021-02-21,2021,2,7,6,21,103.0
1478,2021-02-22,2021,2,8,0,22,93.0
1479,2021-02-23,2021,2,8,1,23,88.0
1480,2021-02-24,2021,2,8,2,24,134.0
1481,2021-02-25,2021,2,8,3,25,100.0
1482,2021-02-26,2021,2,8,4,26,112.0
1483,2021-02-27,2021,2,8,5,27,185.0
1484,2021-02-28,2021,2,8,6,28,161.0
1485,2021-03-01,2021,3,9,0,1,55.0
1486,2021-03-02,2021,3,9,1,2,78.0
1487,2021-03-03,2021,3,9,2,3,94.0
1488,2021-03-04,2021,3,9,3,4,120.0
1489,2021-03-05,2021,3,9,4,5,121.0
1490,2021-03-06,2021,3,9,5,6,77.0
1491,2021-03-07,2021,3,9,6,7,115.0
1492,2021-03-08,2021,3,10,0,8,65.0
1493,2021-03-09,2021,3,10,1,9,58.0
1494,2021-03-10,2021,3,10,2,10,65.0
1495,2021-03-11,2021,3,10,3,11,101.0
1496,2021-03-12,2021,3,10,4,12,78.0
1497,2021-03-13,2021,3,10,5,13,92.0
1498,2021-03-14,2021,3,10,6,14,89.0
1499,2021-03-15,2021,3,11,0,15,73.0
1500,2021-03-16,2021,3,11,1,16,70.0
1501,2021-03-17,2021,3,11,2,17,37.0
1502,2021-03-18,2021,3,11,3,18,45.0
1503,2021-03-19,2021,3,11,4,19,109.0
1504,2021-03-20,2021,3,11,5,20,87.0
1505,2021-03-21,2021,3,11,6,21,87.0
1506,2021-03-22,2021,3,12,0,22,67.0
1507,2021-03-23,2021,3,12,1,23,84.0
1508,2021-03-24,2021,3,12,2,24,83.0
1509,2021-03-25,2021,3,12,3,25,64.0
1510,2021-03-26,2021,3,12,4,26,86.0
1511,2021-03-27,2021,3,12,5,27,89.0
1512,2021-03-28,2021,3,12,6,28,117.0
1513,2021-03-29,2021,3,13,0,29,103.0
1514,2021-03-30,2021,3,13,1,30,87.0
1515,2021-03-31,2021,3,13,2,31,133.0
1516,2021-04-01,2021,4,13,3,1,106.0
1517,2021-04-02,2021,4,13,4,2,85.0
1518,2021-04-03,2021,4,13,5,3,130.0
1519,2021-04-04,2021,4,13,6,4,152.0
1520,2021-04-05,2021,4,14,0,5,72.0
1521,2021-04-06,2021,4,14,1,6,84.0
1522,2021-04-07,2021,4,14,2,7,61.0
1523,2021-04-08,2021,4,14,3,8,51.0
1524,2021-04-09,2021,4,14,4,9,77.0
1525,2021-04-10,2021,4,14,5,10,75.0
1526,2021-04-11,2021,4,14,6,11,114.0
1527,2021-04-12,2021,4,15,0,12,103.0
1528,2021-04-13,2021,4,15,1,13,78.0
1529,2021-04-14,2021,4,15,2,14,75.0
1530,2021-04-15,2021,4,15,3,15,85.0
1531,2021-04-16,2021,4,15,4,16,67.0
1532,2021-04-17,2021,4,15,5,17,111.0
1533,2021-04-18,2021,4,15,6,18,107.0
1534,2021-04-19,2021,4,16,0,19,83.0
1535,2021-04-20,2021,4,16,1,20,87.0
1536,2021-04-21,2021,4,16,2,21,149.0
1537,2021-04-22,2021,4,16,3,22,86.0
1538,2021-04-23,2021,4,16,4,23,104.0
1539,2021-04-24,2021,4,16,5,24,115.0
1540,2021-04-25,2021,4,16,6,25,71.0
1541,2021-04-26,2021,4,17,0,26,106.0
1542,2021-04-27,2021,4,17,1,27,101.0
1543,2021-04-28,2021,4,17,2,28,144.0
1544,2021-04-29,2021,4,17,3,29,109.0
1545,2021-04-30,2021,4,17,4,30,170.0
1546,2021-05-01,2021,5,17,5,1,353.0
1547,2021-05-02,2021,5,17,6,2,246.0
1548,2021-05-03,2021,5,18,0,3,38.0
1549,2021-05-04,2021,5,18,1,4,60.0
1550,2021-05-05,2021,5,18,2,5,51.0
1551,2021-05-06,2021,5,18,3,6,79.0
1552,2021-05-07,2021,5,18,4,7,42.0
1553,2021-05-08,2021,5,18,5,8,72.0
1554,2021-05-09,2021,5,18,6,9,58.0
1555,2021-05-10,2021,5,19,0,10,77.0
1556,2021-05-11,2021,5,19,1,11,62.0
1557,2021-05-12,2021,5,19,2,12,40.0
1558,2021-05-13,2021,5,19,3,13,86.0
1559,2021-05-14,2021,5,19,4,14,44.0
1560,2021-05-15,2021,5,19,5,15,70.0
1561,2021-05-16,2021,5,19,6,16,112.0
1562,2021-05-17,2021,5,20,0,17,55.0
1563,2021-05-18,2021,5,20,1,18,42.0
1564,2021-05-19,2021,5,20,2,19,61.0
1565,2021-05-20,2021,5,20,3,20,44.0
1566,2021-05-21,2021,5,20,4,21,48.0
1567,2021-05-22,2021,5,20,5,22,61.0
1568,2021-05-23,2021,5,20,6,23,51.0
1569,2021-05-24,2021,5,21,0,24,30.0
1570,2021-05-25,2021,5,21,1,25,36.0
1571,2021-05-26,2021,5,21,2,26,39.0
1572,2021-05-27,2021,5,21,3,27,28.0
1573,2021-05-28,2021,5,21,4,28,39.0
1574,2021-05-29,2021,5,21,5,29,42.0
1575,2021-05-30,2021,5,21,6,30,55.0
1576,2021-05-31,2021,5,22,0,31,16.0
1577,2021-06-01,2021,6,22,1,1,17.0
1578,2021-06-02,2021,6,22,2,2,22.0
1579,2021-06-03,2021,6,22,3,3,34.0
1580,2021-06-04,2021,6,22,4,4,45.0
1581,2021-06-05,2021,6,22,5,5,17.0
1582,2021-06-06,2021,6,22,6,6,47.0
1583,2021-06-07,2021,6,23,0,7,45.0
1584,2021-06-08,2021,6,23,1,8,22.0
1585,2021-06-09,2021,6,23,2,9,25.0
1586,2021-06-10,2021,6,23,3,10,38.0
1587,2021-06-11,2021,6,23,4,11,36.0
1588,2021-06-12,2021,6,23,5,12,21.0
1589,2021-06-13,2021,6,23,6,13,46.0
1590,2021-06-14,2021,6,24,0,14,70.0
1591,2021-06-15,2021,6,24,1,15,40.0
1592,2021-06-16,2021,6,24,2,16,71.0
1593,2021-06-17,2021,6,24,3,17,84.0
1594,2021-06-18,2021,6,24,4,18,30.0
1595,2021-06-19,2021,6,24,5,19,107.0
1596,2021-06-20,2021,6,24,6,20,90.0
1597,2021-06-21,2021,6,25,0,21,49.0
1598,2021-06-22,2021,6,25,1,22,43.0
1599,2021-06-23,2021,6,25,2,23,53.0
1600,2021-06-24,2021,6,25,3,24,61.0
1601,2021-06-25,2021,6,25,4,25,38.0
1602,2021-06-26,2021,6,25,5,26,65.0
1603,2021-06-27,2021,6,25,6,27,106.0
1604,2021-06-28,2021,6,26,0,28,36.0
1605,2021-06-29,2021,6,26,1,29,42.0
1606,2021-06-30,2021,6,26,2,30,48.0
1607,2021-07-01,2021,7,26,3,1,42.0
1608,2021-07-02,2021,7,26,4,2,81.0
1609,2021-07-03,2021,7,26,5,3,86.0
1610,2021-07-04,2021,7,26,6,4,84.0
1611,2021-07-05,2021,7,27,0,5,66.0
1612,2021-07-06,2021,7,27,1,6,36.0
1613,2021-07-07,2021,7,27,2,7,25.0
1614,2021-07-08,2021,7,27,3,8,49.0
1615,2021-07-09,2021,7,27,4,9,87.0
1616,2021-07-10,2021,7,27,5,10,86.0
1617,2021-07-11,2021,7,27,6,11,130.0
1618,2021-07-12,2021,7,28,0,12,64.0
1619,2021-07-13,2021,7,28,1,13,66.0
1620,2021-07-14,2021,7,28,2,14,73.0
1621,2021-07-15,2021,7,28,3,15,56.0
1622,2021-07-16,2021,7,28,4,16,80.0
1623,2021-07-17,2021,7,28,5,17,83.0
1624,2021-07-18,2021,7,28,6,18,143.0
1625,2021-07-19,2021,7,29,0,19,70.0
1626,2021-07-20,2021,7,29,1,20,81.0
1627,2021-07-21,2021,7,29,2,21,91.0
1628,2021-07-22,2021,7,29,3,22,46.0
1629,2021-07-23,2021,7,29,4,23,30.0
1630,2021-07-24,2021,7,29,5,24,63.0
1631,2021-07-25,2021,7,29,6,25,62.0
1632,2021-07-26,2021,7,30,0,26,44.0
1633,2021-07-27,2021,7,30,1,27,67.0
1634,2021-07-28,2021,7,30,2,28,35.0
1635,2021-07-29,2021,7,30,3,29,65.0
1636,2021-07-30,2021,7,30,4,30,71.0
1637,2021-07-31,2021,7,30,5,31,96.0
1638,2021-08-01,2021,8,30,6,1,92.0
1639,2021-08-02,2021,8,31,0,2,87.0
1640,2021-08-03,2021,8,31,1,3,66.0
1641,2021-08-04,2021,8,31,2,4,103.0
1642,2021-08-05,2021,8,31,3,5,80.0
1643,2021-08-06,2021,8,31,4,6,46.0
1644,2021-08-07,2021,8,31,5,7,63.0
1645,2021-08-08,2021,8,31,6,8,83.0
1646,2021-08-09,2021,8,32,0,9,54.0
1647,2021-08-10,2021,8,32,1,10,86.0
1648,2021-08-11,2021,8,32,2,11,53.0
1649,2021-08-12,2021,8,32,3,12,34.0
1650,2021-08-13,2021,8,32,4,13,95.0
1651,2021-08-14,2021,8,32,5,14,57.0
1652,2021-08-15,2021,8,32,6,15,92.0
1653,2021-08-16,2021,8,33,0,16,90.0
1654,2021-08-17,2021,8,33,1,17,41.0
1655,2021-08-18,2021,8,33,2,18,51.0
1656,2021-08-19,2021,8,33,3,19,100.0
1657,2021-08-20,2021,8,33,4,20,89.0
1658,2021-08-21,2021,8,33,5,21,86.0
1659,2021-08-22,2021,8,33,6,22,108.0
1660,2021-08-23,2021,8,34,0,23,74.0
1661,2021-08-24,2021,8,34,1,24,60.0
1662,2021-08-25,2021,8,34,2,25,71.0
1663,2021-08-26,2021,8,34,3,26,116.0
1664,2021-08-27,2021,8,34,4,27,93.0
1665,2021-08-28,2021,8,34,5,28,100.0
1666,2021-08-29,2021,8,34,6,29,115.0
1667,2021-08-30,2021,8,35,0,30,101.0
1668,2021-08-31,2021,8,35,1,31,126.0
1669,2021-09-01,2021,9,35,2,1,134.0
1670,2021-09-02,2021,9,35,3,2,98.0
1671,2021-09-03,2021,9,35,4,3,105.0
1672,2021-09-04,2021,9,35,5,4,123.0
1673,2021-09-05,2021,9,35,6,5,86.0
1674,2021-09-06,2021,9,36,0,6,121.0
1675,2021-09-07,2021,9,36,1,7,102.0
1676,2021-09-08,2021,9,36,2,8,106.0
1677,2021-09-09,2021,9,36,3,9,46.0
1678,2021-09-10,2021,9,36,4,10,89.0
1679,2021-09-11,2021,9,36,5,11,87.0
1680,2021-09-12,2021,9,36,6,12,120.0
1681,2021-09-13,2021,9,37,0,13,70.0
1682,2021-09-14,2021,9,37,1,14,77.0
1683,2021-09-15,2021,9,37,2,15,105.0
1684,2021-09-16,2021,9,37,3,16,113.0
1685,2021-09-17,2021,9,37,4,17,74.0
1686,2021-09-18,2021,9,37,5,18,83.0
1687,2021-09-19,2021,9,37,6,19,79.0
1688,2021-09-20,2021,9,38,0,20,58.0
1689,2021-09-21,2021,9,38,1,21,109.0
1690,2021-09-22,2021,9,38,2,22,92.0
1691,2021-09-23,2021,9,38,3,23,97.0
1692,2021-09-24,2021,9,38,4,24,155.0
1693,2021-09-25,2021,9,38,5,25,80.0
1694,2021-09-26,2021,9,38,6,26,39.0
1695,2021-09-27,2021,9,39,0,27,104.0
1696,2021-09-28,2021,9,39,1,28,116.0
1697,2021-09-29,2021,9,39,2,29,105.0
1698,2021-09-30,2021,9,39,3,30,88.0
1699,2021-10-01,2021,10,39,4,1,76.0
1700,2021-10-02,2021,10,39,5,2,90.0
1701,2021-10-03,2021,10,39,6,3,66.0
1702,2021-10-04,2021,10,40,0,4,69.0
1703,2021-10-05,2021,10,40,1,5,74.0
1704,2021-10-06,2021,10,40,2,6,42.0
1705,2021-10-07,2021,10,40,3,7,66.0
1706,2021-10-08,2021,10,40,4,8,75.0
1707,2021-10-09,2021,10,40,5,9,106.0
1708,2021-10-10,2021,10,40,6,10,128.0
1709,2021-10-11,2021,10,41,0,11,72.0
1710,2021-10-12,2021,10,41,1,12,110.0
1711,2021-10-13,2021,10,41,2,13,79.0
1712,2021-10-14,2021,10,41,3,14,29.0
1713,2021-10-15,2021,10,41,4,15,69.0
1714,2021-10-16,2021,10,41,5,16,90.0
1715,2021-10-17,2021,10,41,6,17,108.0
1716,2021-10-18,2021,10,42,0,18,122.0
1717,2021-10-19,2021,10,42,1,19,70.0
1718,2021-10-20,2021,10,42,2,20,41.0
1719,2021-10-21,2021,10,42,3,21,57.0
1720,2021-10-22,2021,10,42,4,22,75.0
1721,2021-10-23,2021,10,42,5,23,97.0
1722,2021-10-24,2021,10,42,6,24,146.0
1723,2021-10-25,2021,10,43,0,25,86.0
1724,2021-10-26,2021,10,43,1,26,73.0
1725,2021-10-27,2021,10,43,2,27,92.0
1726,2021-10-28,2021,10,43,3,28,89.0
1727,2021-10-29,2021,10,43,4,29,51.0
1728,2021-10-30,2021,10,43,5,30,71.0
1729,2021-10-31,2021,10,43,6,31,107.0
1730,2021-11-01,2021,11,44,0,1,90.0
1731,2021-11-02,2021,11,44,1,2,74.0
1732,2021-11-03,2021,11,44,2,3,69.0
1733,2021-11-04,2021,11,44,3,4,75.0
1734,2021-11-05,2021,11,44,4,5,92.0
1735,2021-11-06,2021,11,44,5,6,63.0
1736,2021-11-07,2021,11,44,6,7,125.0
1737,2021-11-08,2021,11,45,0,8,107.0
1738,2021-11-09,2021,11,45,1,9,86.0
1739,2021-11-10,2021,11,45,2,10,114.0
1740,2021-11-11,2021,11,45,3,11,89.0
1741,2021-11-12,2021,11,45,4,12,132.0
1742,2021-11-13,2021,11,45,5,13,154.0
1743,2021-11-14,2021,11,45,6,14,195.0
1744,2021-11-15,2021,11,46,0,15,106.0
1745,2021-11-16,2021,11,46,1,16,69.0
1746,2021-11-17,2021,11,46,2,17,85.0
1747,2021-11-18,2021,11,46,3,18,71.0
1748,2021-11-19,2021,11,46,4,19,104.0
1749,2021-11-20,2021,11,46,5,20,165.0
1750,2021-11-21,2021,11,46,6,21,142.0
1751,2021-11-22,2021,11,47,0,22,91.0
1752,2021-11-23,2021,11,47,1,23,95.0
1753,2021-11-24,2021,11,47,2,24,70.0
1754,2021-11-25,2021,11,47,3,25,77.0
1755,2021-11-26,2021,11,47,4,26,76.0
1756,2021-11-27,2021,11,47,5,27,144.0
1757,2021-11-28,2021,11,47,6,28,118.0
1758,2021-11-29,2021,11,48,0,29,107.0
1759,2021-11-30,2021,11,48,1,30,72.0
1760,2021-12-01,2021,12,48,2,1,81.0
1761,2021-12-02,2021,12,48,3,2,67.0
1762,2021-12-03,2021,12,48,4,3,55.0
1763,2021-12-04,2021,12,48,5,4,57.0
1764,2021-12-05,2021,12,48,6,5,54.0
1765,2021-12-06,2021,12,49,0,6,53.0
1766,2021-12-07,2021,12,49,1,7,78.0
1767,2021-12-08,2021,12,49,2,8,68.0
1768,2021-12-09,2021,12,49,3,9,70.0
1769,2021-12-10,2021,12,49,4,10,54.0
1770,2021-12-11,2021,12,49,5,11,129.0
1771,2021-12-12,2021,12,49,6,12,131.0
1772,2021-12-13,2021,12,50,0,13,70.0
1773,2021-12-14,2021,12,50,1,14,121.0
1774,2021-12-15,2021,12,50,2,15,110.0
1775,2021-12-16,2021,12,50,3,16,147.0
1776,2021-12-17,2021,12,50,4,17,112.0
1777,2021-12-18,2021,12,50,5,18,134.0
1778,2021-12-19,2021,12,50,6,19,68.0
1779,2021-12-20,2021,12,51,0,20,77.0
1780,2021-12-21,2021,12,51,1,21,48.0
1781,2021-12-22,2021,12,51,2,22,42.0
1782,2021-12-23,2021,12,51,3,23,34.0
1783,2021-12-24,2021,12,51,4,24,65.0
1784,2021-12-25,2021,12,51,5,25,90.0
1785,2021-12-26,2021,12,51,6,26,99.0
1786,2021-12-27,2021,12,52,0,27,31.0
1787,2021-12-28,2021,12,52,1,28,40.0
1788,2021-12-29,2021,12,52,2,29,43.0
1789,2021-12-30,2021,12,52,3,30,49.0
1790,2021-12-31,2021,12,52,4,31,0.0
1791,2022-01-01,2021,1,52,5,1,134.0
1792,2022-01-02,2021,1,52,6,2,100.0
1793,2022-01-03,2022,1,1,0,3,62.0
1794,2022-01-04,2022,1,1,1,4,52.0
1795,2022-01-05,2022,1,1,2,5,42.0
1796,2022-01-06,2022,1,1,3,6,54.0
1797,2022-01-07,2022,1,1,4,7,97.0
1798,2022-01-08,2022,1,1,5,8,70.0
1799,2022-01-09,2022,1,1,6,9,99.0
1800,2022-01-10,2022,1,2,0,10,69.0
1801,2022-01-11,2022,1,2,1,11,63.0
1802,2022-01-12,2022,1,2,2,12,78.0
1803,2022-01-13,2022,1,2,3,13,97.0
1804,2022-01-14,2022,1,2,4,14,109.0
1805,2022-01-15,2022,1,2,5,15,200.0
1806,2022-01-16,2022,1,2,6,16,124.0
1807,2022-01-17,2022,1,3,0,17,119.0
1808,2022-01-18,2022,1,3,1,18,136.0
1809,2022-01-19,2022,1,3,2,19,139.0
1810,2022-01-20,2022,1,3,3,20,130.0
1811,2022-01-21,2022,1,3,4,21,144.0
1812,2022-01-22,2022,1,3,5,22,140.0
1813,2022-01-23,2022,1,3,6,23,161.0
1814,2022-01-24,2022,1,4,0,24,158.0
1815,2022-01-25,2022,1,4,1,25,188.0
1816,2022-01-26,2022,1,4,2,26,115.0
1817,2022-01-27,2022,1,4,3,27,132.0
1818,2022-01-28,2022,1,4,4,28,86.0
1819,2022-01-29,2022,1,4,5,29,99.0
1820,2022-01-30,2022,1,4,6,30,125.0
1821,2022-01-31,2022,1,5,0,31,86.0
1822,2022-02-01,2022,2,5,1,1,70.0
1823,2022-02-02,2022,2,5,2,2,75.0
1824,2022-02-03,2022,2,5,3,3,85.0
1825,2022-02-04,2022,2,5,4,4,99.0
1826,2022-02-05,2022,2,5,5,5,139.0
1827,2022-02-06,2022,2,5,6,6,123.0
1828,2022-02-07,2022,2,6,0,7,67.0
1829,2022-02-08,2022,2,6,1,8,30.0
1830,2022-02-09,2022,2,6,2,9,31.0
1831,2022-02-10,2022,2,6,3,10,95.0
1832,2022-02-11,2022,2,6,4,11,125.0
1833,2022-02-12,2022,2,6,5,12,125.0
1834,2022-02-13,2022,2,6,6,13,117.0
1835,2022-02-14,2022,2,7,0,14,92.0
1836,2022-02-15,2022,2,7,1,15,111.0
1837,2022-02-16,2022,2,7,2,16,63.0
1838,2022-02-17,2022,2,7,3,17,120.0
1839,2022-02-18,2022,2,7,4,18,136.0
1840,2022-02-19,2022,2,7,5,19,101.0
1841,2022-02-20,2022,2,7,6,20,112.0
1842,2022-02-21,2022,2,8,0,21,86.0
1843,2022-02-22,2022,2,8,1,22,131.0
1844,2022-02-23,2022,2,8,2,23,155.0
1845,2022-02-24,2022,2,8,3,24,147.0
1846,2022-02-25,2022,2,8,4,25,178.0
1847,2022-02-26,2022,2,8,5,26,161.0
1848,2022-02-27,2022,2,8,6,27,219.0
1849,2022-02-28,2022,2,9,0,28,149.0
